Designator,Quantity,Value,Manufacturer,MPN,LCSC,Footprint,Stock snapshot,USD each (first tier),Extended USD,Catalog URL,Datasheet
J1,1,XT30 48V INPUT,Changzhou Amass Elec,XT30PW-M30.G.Y,C431092,PS:AMASS_XT30PW-M_1x02_P2.50mm_Horizontal,24656,0.3828,0.3828,https://jlcpcb.com/partdetail/C431092,https://www.lcsc.com/datasheet/lcsc_datasheet_2304140030_Changzhou-Amass-Elec-XT30PW-M30-G-Y_C431092.pdf
F1,1,2A / 63V,BOURNS,SF-1206F200-2,C719183,PS:F1206,848,0.9968,0.9968,https://jlcpcb.com/partdetail/C719183,https://www.lcsc.com/datasheet/lcsc_datasheet_2304140030_BOURNS-SF-1206F200-2_C719183.pdf
D1,1,SMAJ54A,Diodes Incorporated,SMAJ54A-13-F,C134996,PS:SMA_L4.4-W2.6-LS5.0-RD,1713,0.2484,0.2484,https://jlcpcb.com/partdetail/C134996,https://www.lcsc.com/datasheet/lcsc_datasheet_2304140030_Diodes-Incorporated-SMAJ54A-13-F_C134996.pdf
"C1,C2,C19",3,2.2uF/100V,Murata Electronics,GRM32ER72A225KA35L,C86054,PS:C_1210_3225Metric,33058,0.3131,0.9393,https://jlcpcb.com/partdetail/C86054,https://www.lcsc.com/datasheet/lcsc_datasheet_2304140030_Murata-Electronics-GRM32ER72A225KA35L_C86054.pdf
"C3,C7,C8",3,100nF/100V C0G,Murata Electronics,GRM31C5C2A104JA01L,C405303,PS:C_1206_3216Metric,22027,0.4004,1.2012,https://jlcpcb.com/partdetail/C405303,https://www.lcsc.com/datasheet/lcsc_datasheet_1912111437_Murata-Electronics-GRM31C5C2A104JA01L_C405303.pdf
U1,1,LMG2100R044RARR,Texas Instruments,LMG2100R044RARR,C22453052,PS:QFN-17_L5.5-W4.5-P0.50-TL_LMG2100R044,5193,8.5246,8.5246,https://jlcpcb.com/partdetail/C22453052,
"C4,C6,C9",3,100nF/50V,Murata Electronics,GRM188R71H104KA93D,C77055,PS:C_0603_1608Metric,1305480,0.0168,0.0504,https://jlcpcb.com/partdetail/C77055,https://www.lcsc.com/datasheet/lcsc_datasheet_2410010301_Murata-Electronics-GRM188R71H104KA93D_C77055.pdf
"C5,C12,C10,C25",4,1uF/25V,Murata Electronics,GRM188R71E105KA12D,C86020,PS:C_0603_1608Metric,26251,0.0466,0.1864,https://jlcpcb.com/partdetail/C86020,https://wmsc.lcsc.com/wmsc/upload/file/pdf/v2/lcsc/2304140030_Murata-Electronics-GRM188R71E105KA12D_C86020.pdf
L1,1,3.3uH,BOURNS,SRP5030T-3R3M,C189931,PS:L_Bourns_SRP5030T,2216,0.6124,0.6124,https://jlcpcb.com/partdetail/C189931,https://www.lcsc.com/datasheet/lcsc_datasheet_2304140030_BOURNS-SRP5030T-3R3M_C189931.pdf
"Q1,Q2",2,CSD18543Q3A,Texas Instruments,CSD18543Q3A,C840100,PS:VSONP-8_L3.1-W3.1-P0.65-LS3.5-BL,1145,0.7949,1.5898,https://jlcpcb.com/partdetail/C840100,https://www.ti.com/cn/lit/gpn/csd18543q3a
U3,1,UCC24624DR,Texas Instruments,UCC24624DR,C2862446,PS:SOIC-8_L4.9-W3.9-P1.27-LS6.0-BL,2723,1.0392,1.0392,https://jlcpcb.com/partdetail/C2862446,https://www.ti.com/cn/lit/gpn/ucc24624
"R10,R11",2,2.2R,YAGEO,RC0603FR-072R2L,C112307,PS:R_0603_1608Metric,464095,0.0097,0.0194,https://jlcpcb.com/partdetail/C112307,https://www.lcsc.com/datasheet/lcsc_datasheet_2304140030_YAGEO-RC0603FR-072R2L_C112307.pdf
"R12,R13",2,0R,YAGEO,RC0603FR-070RL,C100044,PS:R_0603_1608Metric,8414214,0.0034,0.0068,https://jlcpcb.com/partdetail/C100044,https://datasheet.lcsc.com/lcsc/2304140030_YAGEO-RC0603FR-070RL_C100044.pdf
"C11,C26",2,2.2uF/25V,Murata Electronics,GRM21BR71E225KE11L,C77081,PS:C_0805_2012Metric,157499,0.0561,0.1122,https://jlcpcb.com/partdetail/C77081,https://wmsc.lcsc.com/wmsc/upload/file/pdf/v2/lcsc/2304140030_Murata-Electronics-GRM21BR71E225KE11L_C77081.pdf
"C13,C14,C15,C16,C21,C22",6,22uF/25V,Murata Electronics,GRM32ER71E226KE15L,C21397,PS:C_1210_3225Metric,77956,0.4593,2.7558,https://jlcpcb.com/partdetail/C21397,https://www.lcsc.com/datasheet/lcsc_datasheet_2308111542_Murata-Electronics-GRM32ER71E226KE15L_C21397.pdf
J2,1,XT30 12V OUTPUT,Changzhou Amass Elec,XT30PW-F20.G.Y,C2913282,PS:AMASS_XT30PW-F_1x02_P2.50mm_Horizontal,19333,0.3404,0.3404,https://jlcpcb.com/partdetail/C2913282,https://www.lcsc.com/datasheet/lcsc_datasheet_2312181139_Changzhou-Amass-Elec-XT30PW-F20-G-Y_C2913282.pdf
U2,1,UCC25600DR,Texas Instruments,UCC25600DR,C130223,PS:SOIC-8_L4.9-W3.9-P1.27-LS6.0-BL,12497,0.7313,0.7313,https://jlcpcb.com/partdetail/C130223,https://www.lcsc.com/datasheet/lcsc_datasheet_1810181612_Texas-Instruments-UCC25600DR_C130223.pdf
R1,1,3.3kR,YAGEO,RC0603FR-073K3L,C108078,PS:R_0603_1608Metric,7490809,0.0029,0.0029,https://jlcpcb.com/partdetail/C108078,https://www.lcsc.com/datasheet/lcsc_datasheet_2304140030_YAGEO-RC0603FR-073K3L_C108078.pdf
R2,1,1.69kR,YAGEO,RC0603FR-071K69L,C185356,PS:R_0603_1608Metric,2677,0.006,0.006,https://jlcpcb.com/partdetail/C185356,https://www.lcsc.com/datasheet/lcsc_datasheet_2304140030_YAGEO-RC0603FR-071K69L_C185356.pdf
R3,1,750R,YAGEO,RC0603FR-07750RL,C114635,PS:R_0603_1608Metric,251378,0.0024,0.0024,https://jlcpcb.com/partdetail/C114635,https://www.lcsc.com/datasheet/lcsc_datasheet_2304140030_YAGEO-RC0603FR-07750RL_C114635.pdf
"R4,R6,R9",3,2.21kR,YAGEO,RC0603FR-072K21L,C273748,PS:R_0603_1608Metric,7826,0.0077,0.0231,https://jlcpcb.com/partdetail/C273748,https://www.lcsc.com/datasheet/lcsc_datasheet_2304140030_YAGEO-RC0603FR-072K21L_C273748.pdf
"R5,R7,R21,R26",4,1kR,YAGEO,RC0603FR-071KL,C22548,PS:R_0603_1608Metric,10438570,0.0036,0.0144,https://jlcpcb.com/partdetail/C22548,https://www.lcsc.com/datasheet/lcsc_datasheet_2304140030_YAGEO-RC0603FR-071KL_C22548.pdf
"C17,C18,C27,C29",4,10nF/50V,YAGEO,CC0603KRX7R9BB103,C100042,PS:C_0603_1608Metric,808333,0.0065,0.026,https://jlcpcb.com/partdetail/C100042,https://www.lcsc.com/datasheet/lcsc_datasheet_2304140030_YAGEO-CC0603KRX7R9BB103_C100042.pdf
R8,1,15kR,YAGEO,RC0603FR-0715KL,C114661,PS:R_0603_1608Metric,245070,0.0044,0.0044,https://jlcpcb.com/partdetail/C114661,https://www.lcsc.com/datasheet/lcsc_datasheet_2304140030_YAGEO-RC0603FR-0715KL_C114661.pdf
D2,1,BAT54SLT1G,onsemi,BAT54SLT1G,C19726,PS:SOT-23_L2.9-W1.3-P1.90-LS2.4-BR,163025,0.0253,0.0253,https://jlcpcb.com/partdetail/C19726,https://www.lcsc.com/datasheet/lcsc_datasheet_1810301516_onsemi-BAT54SLT1G_C19726.pdf
U4,1,LM5164DDAR,Texas Instruments,LM5164DDAR,C477928,PS:SO-8_L4.9-W3.9-P1.27-LS6.0-BL-EP,6717,1.9756,1.9756,https://jlcpcb.com/partdetail/C477928,https://www.lcsc.com/datasheet/lcsc_datasheet_2410121943_Texas-Instruments-LM5164DDAR_C477928.pdf
C20,1,2.2nF/50V,YAGEO,CC0603JRNPO9BN222,C107043,PS:C_0603_1608Metric,99964,0.017,0.017,https://jlcpcb.com/partdetail/C107043,https://www.lcsc.com/datasheet/lcsc_datasheet_2304140030_YAGEO-CC0603JRNPO9BN222_C107043.pdf
L2,1,68uH,BOURNS,SRP7050TA-680M,C2047750,PS:L_Bourns_SRP7050TA,39,1.6711,1.6711,https://jlcpcb.com/partdetail/C2047750,https://wmsc.lcsc.com/wmsc/upload/file/pdf/v2/lcsc/2108040930_BOURNS-SRP7050TA-680M_C2047750.pdf
R14,1,249kR,YAGEO,RC0603FR-07249KL,C137763,PS:R_0603_1608Metric,37780,0.0036,0.0036,https://jlcpcb.com/partdetail/C137763,https://www.lcsc.com/datasheet/lcsc_datasheet_2304140030_YAGEO-RC0603FR-07249KL_C137763.pdf
"R15,R23,R24,R28",4,10kR,YAGEO,RC0603FR-0710KL,C98220,PS:R_0603_1608Metric,9401072,0.0034,0.0136,https://jlcpcb.com/partdetail/C98220,https://www.lcsc.com/datasheet/lcsc_datasheet_2304140030_YAGEO-RC0603FR-0710KL_C98220.pdf
R16,1,100kR,YAGEO,RC0603FR-07100KL,C14675,PS:R_0603_1608Metric,8217333,0.0026,0.0026,https://jlcpcb.com/partdetail/C14675,https://www.lcsc.com/datasheet/lcsc_datasheet_1809281124_YAGEO-RC0603FR-07100KL_C14675.pdf
"R17,R19",2,453kR,YAGEO,RC0603FR-07453KL,C273765,PS:R_0603_1608Metric,11092,0.0063,0.0126,https://jlcpcb.com/partdetail/C273765,https://www.lcsc.com/datasheet/lcsc_datasheet_2304140030_YAGEO-RC0603FR-07453KL_C273765.pdf
R18,1,49.9kR,YAGEO,RC0603FR-0749K9L,C114624,PS:R_0603_1608Metric,102128,0.0052,0.0052,https://jlcpcb.com/partdetail/C114624,https://www.lcsc.com/datasheet/lcsc_datasheet_2304140030_YAGEO-RC0603FR-0749K9L_C114624.pdf
C23,1,3.3nF/50V,Murata Electronics,GRM1885C1H332JA01D,C77036,PS:C_0603_1608Metric,59072,0.0245,0.0245,https://jlcpcb.com/partdetail/C77036,https://wmsc.lcsc.com/wmsc/upload/file/pdf/v2/lcsc/2304140030_Murata-Electronics-GRM1885C1H332JA01D_C77036.pdf
C24,1,56pF/50V,YAGEO,CC0603JRNPO9BN560,C107053,PS:C_0603_1608Metric,673315,0.0057,0.0057,https://jlcpcb.com/partdetail/C107053,https://www.lcsc.com/datasheet/lcsc_datasheet_2111251230_YAGEO-CC0603JRNPO9BN560_C107053.pdf
U5,1,TPS7A2450DBVR,Texas Instruments,TPS7A2450DBVR,C2864436,PS:SOT-23-5_L2.9-W1.6-P0.95-LS2.8-BR,1587,0.2952,0.2952,https://jlcpcb.com/partdetail/C2864436,https://wmsc.lcsc.com/wmsc/upload/file/pdf/v2/lcsc/2302212330_Texas-Instruments-TPS7A2450DBVR_C2864436.pdf
"U6,U8",2,EL357N(A)(TA)-VG,Everlight Elec,EL357N(A)(TA)-VG,C359074,PS:OPTO-SMD-4_L4.4-W4.1-P2.54-LS7.0-BL,19340,0.1232,0.2464,https://jlcpcb.com/partdetail/C359074,https://www.lcsc.com/datasheet/lcsc_datasheet_1912111437_Everlight-Elec-EL357N-A-TA-VG_C359074.pdf
"U7,U9",2,TL431AIDBZR,Texas Instruments,TL431AIDBZR,C23892,PS:SOT-23-3_L2.9-W1.6-P1.90-LS2.8-BR,139650,0.0803,0.1606,https://jlcpcb.com/partdetail/C23892,https://www.lcsc.com/datasheet/lcsc_datasheet_1809111518_Texas-Instruments-TL431AIDBZR_C23892.pdf
"R20,R25",2,1.5kR,YAGEO,RC0603FR-071K5L,C114668,PS:R_0603_1608Metric,890522,0.0035,0.007,https://jlcpcb.com/partdetail/C114668,https://www.lcsc.com/datasheet/lcsc_datasheet_2304140030_YAGEO-RC0603FR-071K5L_C114668.pdf
R22,1,38.3kR,YAGEO,RC0603FR-0738K3L,C137736,PS:R_0603_1608Metric,3748,0.0035,0.0035,https://jlcpcb.com/partdetail/C137736,https://www.lcsc.com/datasheet/lcsc_datasheet_2304140030_YAGEO-RC0603FR-0738K3L_C137736.pdf
C28,1,1nF/50V,YAGEO,CC0603JRNPO9BN102,C106246,PS:C_0603_1608Metric,1638282,0.0053,0.0053,https://jlcpcb.com/partdetail/C106246,https://www.lcsc.com/datasheet/lcsc_datasheet_1811021411_YAGEO-CC0603JRNPO9BN102_C106246.pdf
R27,1,43.2kR,YAGEO,RC0603FR-0743K2L,C137720,PS:R_0603_1608Metric,15283,0.0055,0.0055,https://jlcpcb.com/partdetail/C137720,https://www.lcsc.com/datasheet/lcsc_datasheet_2304140030_YAGEO-RC0603FR-0743K2L_C137720.pdf
