Ref,Val,Package,PosX,PosY,Rot,Side
C1,10u 50V X7R,C_1210_3225Metric,20.500000,86.365000,180.000000,top
C2,10u 50V X7R,C_1210_3225Metric,39.000000,88.000000,90.000000,top
C3,180u 16V,CP_Panasonic_C6,36.000000,28.500000,180.000000,top
C4,22u 16V X7R,C_1210_3225Metric,41.500000,35.880000,0.000000,top
C5,4.7u / 16 V X5R,C_0603_1608Metric,21.500000,88.800000,180.000000,top
C6,470p / 100 V C0G,C_0805_2012Metric,35.000000,83.600000,180.000000,top
C7,47u / 63 V,CP_Elec_8x10.5,45.500000,98.000000,0.000000,top
C8,180u 16V,CP_Panasonic_C6,26.000000,28.500000,180.000000,top
D1,DFLS1100-7,D_PowerDI-123,23.000000,101.000000,90.000000,top
D2,PDS835L-13,D_PowerDI-5,36.000000,37.000000,90.000000,top
D3,DFLS1100-7,D_PowerDI-123,35.000000,87.300000,270.000000,top
D4,SMAJ12A-13-F,D_SMA,44.000000,86.100000,270.000000,top
F1,1 A / 63 V DC fast,Fuse_Bourns_SF1206F,25.500000,107.000000,180.000000,top
J1,18-36 V DC,Terminal_KF301_2P_5.00,35.000000,106.800000,0.000000,top
J2,5 V / 1 A isolated,Terminal_KF301_2P_5.00,35.000000,18.200000,180.000000,top
R1,649k 1%,R_0603_1608Metric,25.500000,96.000000,0.000000,top
R2,61.9k 1%,R_0603_1608Metric,28.500000,96.000000,0.000000,top
R3,113k 0.1%,R_0603_1608Metric,31.650000,87.365000,180.000000,top
R4,10.7k 0.1%,R_0603_1608Metric,31.650000,89.200000,0.000000,top
R5,127k 0.1%,R_0603_1608Metric,29.101500,92.500000,90.000000,top
R6,39R 0.75 W,R_1206_3216Metric,39.000000,83.600000,180.000000,top
R7,220R 0.25 W,R_1206_3216Metric,44.000000,28.500000,270.000000,top
R8,2.2R 2 W,R_Bourns_CRM2512,33.000000,100.000000,0.000000,top
U1,LT8302IS8E#PBF,SOIC8_EP_LT_S8E,26.500000,88.000000,0.000000,top
