ID,X_mm,Y_mm,Finished_drill_mm,Process
via-16,22.000000,24.000000,0.300,Epoxy fill and copper cap; NOT a connector lead hole
via-17,29.000000,39.000000,0.300,Epoxy fill and copper cap; NOT a connector lead hole
via-18,35.000000,21.000000,0.300,Epoxy fill and copper cap; NOT a connector lead hole
via-19,25.000000,39.000000,0.300,Epoxy fill and copper cap; NOT a connector lead hole
via-20,27.000000,35.000000,0.300,Epoxy fill and copper cap; NOT a connector lead hole
via-21,43.200000,33.000000,0.300,Epoxy fill and copper cap; NOT a connector lead hole
via-22,44.000000,27.037500,0.450,Epoxy fill and copper cap; NOT a connector lead hole
via-23,42.000000,17.000000,0.300,Epoxy fill and copper cap; NOT a connector lead hole
via-24,42.975000,35.880000,0.450,Epoxy fill and copper cap; NOT a connector lead hole
via-25,46.000000,35.000000,0.300,Epoxy fill and copper cap; NOT a connector lead hole
via-26,30.500000,24.200000,0.300,Epoxy fill and copper cap; NOT a connector lead hole
via-27,35.000000,15.500000,0.300,Epoxy fill and copper cap; NOT a connector lead hole
via-28,47.000000,19.000000,0.300,Epoxy fill and copper cap; NOT a connector lead hole
via-29,46.000000,24.000000,0.300,Epoxy fill and copper cap; NOT a connector lead hole
via-30,27.000000,24.000000,0.300,Epoxy fill and copper cap; NOT a connector lead hole
via-31,47.500000,32.000000,0.300,Epoxy fill and copper cap; NOT a connector lead hole
via-32,42.000000,24.000000,0.300,Epoxy fill and copper cap; NOT a connector lead hole
via-33,23.200000,28.500000,0.450,Epoxy fill and copper cap; NOT a connector lead hole
via-34,26.000000,17.000000,0.300,Epoxy fill and copper cap; NOT a connector lead hole
via-35,22.000000,39.000000,0.300,Epoxy fill and copper cap; NOT a connector lead hole
via-36,33.200000,28.500000,0.450,Epoxy fill and copper cap; NOT a connector lead hole
via-37,32.269595,40.500000,0.450,Epoxy fill and copper cap; NOT a connector lead hole
via-38,33.169595,40.500000,0.450,Epoxy fill and copper cap; NOT a connector lead hole
via-39,34.000000,32.000000,0.300,Epoxy fill and copper cap; NOT a connector lead hole
via-40,46.000000,39.000000,0.300,Epoxy fill and copper cap; NOT a connector lead hole
via-41,22.000000,32.000000,0.300,Epoxy fill and copper cap; NOT a connector lead hole
via-44,27.300000,87.450000,0.300,Epoxy fill and copper cap; NOT a connector lead hole
via-45,49.500000,105.000000,0.300,Epoxy fill and copper cap; NOT a connector lead hole
via-46,20.500000,83.600000,0.300,Epoxy fill and copper cap; NOT a connector lead hole
via-47,19.025000,86.365000,0.300,Epoxy fill and copper cap; NOT a connector lead hole
via-48,27.300000,88.550000,0.300,Epoxy fill and copper cap; NOT a connector lead hole
via-49,47.000000,84.000000,0.300,Epoxy fill and copper cap; NOT a connector lead hole
via-50,23.898500,86.095000,0.300,Epoxy fill and copper cap; NOT a connector lead hole
via-51,19.500000,107.000000,0.300,Epoxy fill and copper cap; NOT a connector lead hole
via-52,34.000000,94.500000,0.300,Epoxy fill and copper cap; NOT a connector lead hole
via-53,20.000000,95.000000,0.300,Epoxy fill and copper cap; NOT a connector lead hole
via-54,48.000000,93.000000,0.300,Epoxy fill and copper cap; NOT a connector lead hole
via-55,19.500000,83.000000,0.300,Epoxy fill and copper cap; NOT a connector lead hole
via-56,29.325000,96.000000,0.300,Epoxy fill and copper cap; NOT a connector lead hole
via-57,32.475000,89.200000,0.300,Epoxy fill and copper cap; NOT a connector lead hole
via-58,21.500000,93.500000,0.300,Epoxy fill and copper cap; NOT a connector lead hole
via-59,27.400000,84.350000,0.300,Epoxy fill and copper cap; NOT a connector lead hole
via-60,49.200000,98.000000,0.300,Epoxy fill and copper cap; NOT a connector lead hole
via-61,20.725000,88.800000,0.300,Epoxy fill and copper cap; NOT a connector lead hole
via-62,39.000000,89.475000,0.300,Epoxy fill and copper cap; NOT a connector lead hole
via-63,19.500000,104.000000,0.300,Epoxy fill and copper cap; NOT a connector lead hole
via-64,50.000000,93.000000,0.300,Epoxy fill and copper cap; NOT a connector lead hole
via-65,26.000000,84.500000,0.300,Epoxy fill and copper cap; NOT a connector lead hole
via-66,25.700000,87.450000,0.300,Epoxy fill and copper cap; NOT a connector lead hole
via-67,19.500000,92.000000,0.300,Epoxy fill and copper cap; NOT a connector lead hole
via-68,49.000000,84.000000,0.300,Epoxy fill and copper cap; NOT a connector lead hole
via-69,25.700000,88.550000,0.300,Epoxy fill and copper cap; NOT a connector lead hole
via-70,38.000000,93.000000,0.300,Epoxy fill and copper cap; NOT a connector lead hole
via-71,49.000000,89.000000,0.300,Epoxy fill and copper cap; NOT a connector lead hole
via-72,35.000000,97.000000,0.300,Epoxy fill and copper cap; NOT a connector lead hole
via-83,36.450000,39.862000,0.450,Epoxy fill and copper cap; NOT a connector lead hole
via-84,35.550000,39.862000,0.450,Epoxy fill and copper cap; NOT a connector lead hole
via-115,24.675000,96.000000,0.300,Epoxy fill and copper cap; NOT a connector lead hole
via-116,39.000000,86.525000,0.400,Epoxy fill and copper cap; NOT a connector lead hole
via-117,21.975000,86.365000,0.400,Epoxy fill and copper cap; NOT a connector lead hole
via-118,23.000000,100.150000,0.400,Epoxy fill and copper cap; NOT a connector lead hole
T1-pad-1,38.621977,81.193193,0.400,Epoxy fill and copper cap; NOT a connector lead hole
T1-pad-2,31.378023,81.193193,0.400,Epoxy fill and copper cap; NOT a connector lead hole
T1-pad-3,33.169595,42.408661,0.400,Epoxy fill and copper cap; NOT a connector lead hole
T1-pad-4,36.075000,47.553499,0.400,Epoxy fill and copper cap; NOT a connector lead hole
T1-pad-5,35.000000,76.525000,0.400,Epoxy fill and copper cap; NOT a connector lead hole
