Vin_V,time_us,phase,primary_A,secondary_A,SW_V
18,0.0,on,0.0,0,0.0
18,0.006599078835409257,on,0.008750671845655018,0,0.0017501343691310037
18,0.013198157670818514,on,0.017499033561207935,0,0.003499806712241587
18,0.01979723650622777,on,0.026245085756520622,0,0.0052490171513041245
18,0.026396315341637028,on,0.03498882904129394,0,0.006997765808258788
18,0.032995394177046285,on,0.04373026402506781,0,0.008746052805013562
18,0.03959447301245554,on,0.052469391317221226,0,0.010493878263444245
18,0.0461935518478648,on,0.0612062115269723,0,0.01224124230539446
18,0.052792630683274056,on,0.06994072526337836,0,0.013988145052675672
18,0.059391709518683306,on,0.07867293313533587,0,0.015734586627067174
18,0.06599078835409257,on,0.08740283575158059,0,0.01748056715031612
18,0.07258986718950182,on,0.09613043372068761,0,0.019226086744137522
18,0.07918894602491108,on,0.1048557276510713,0,0.02097114553021426
18,0.08578802486032033,on,0.11357871815098546,0,0.022715743630197092
18,0.0923871036957296,on,0.12229940582852324,0,0.024459881165704647
18,0.09898618253113885,on,0.13101779129161736,0,0.026203558258323476
18,0.10558526136654811,on,0.13973387514804003,0,0.027946775029608007
18,0.11218434020195736,on,0.1484476580054029,0,0.029689531601080583
18,0.11878341903736661,on,0.15715914047115734,0,0.03143182809423147
18,0.12538249787277586,on,0.16586832315259425,0,0.03317366463051885
18,0.13198157670818514,on,0.1745752066568444,0,0.03491504133136888
18,0.1385806555435944,on,0.183279791590878,0,0.036655958318175606
18,0.14517973437900364,on,0.1919820785615053,0,0.03839641571230106
18,0.1517788132144129,on,0.2006820681753761,0,0.040136413635075224
18,0.15837789204982217,on,0.2093797610389803,0,0.04187595220779606
18,0.16497697088523142,on,0.21807515775864741,0,0.04361503155172949
18,0.17157604972064067,on,0.2267682589405472,0,0.04535365178810944
18,0.17817512855604992,on,0.23545906519068915,0,0.047091813038137836
18,0.1847742073914592,on,0.24414757711492283,0,0.04882951542298457
18,0.19137328622686844,on,0.25283379531893796,0,0.050566759063787596
18,0.1979723650622777,on,0.2615177204082642,0,0.052303544081652845
18,0.20457144389768694,on,0.2701993529882716,0,0.05403987059765432
18,0.21117052273309622,on,0.27887869366417,0,0.05577573873283401
18,0.21776960156850547,on,0.28755574304100984,0,0.05751114860820197
18,0.22436868040391472,on,0.29623050172368176,0,0.059246100344736354
18,0.23096775923932397,on,0.3049029703169165,0,0.0609805940633833
18,0.23756683807473322,on,0.3135731494252854,0,0.06271462988505709
18,0.24416591691014253,on,0.32224103965320017,0,0.06444820793064003
18,0.2507649957455517,on,0.3309066416049126,0,0.06618132832098253
18,0.257364074580961,on,0.33956995588451566,0,0.06791399117690314
18,0.2639631534163703,on,0.348230983095942,0,0.0696461966191884
18,0.2705622322517795,on,0.35688972384296563,0,0.07137794476859313
18,0.2771613110871888,on,0.3655461787292006,0,0.07310923574584012
18,0.28376038992259806,on,0.37420034835810195,0,0.0748400696716204
18,0.2903594687580073,on,0.3828522333329651,0,0.07657044666659302
18,0.2969585475934165,on,0.39150183425692636,0,0.07830036685138528
18,0.3035576264288258,on,0.40014915173296306,0,0.08002983034659261
18,0.31015670526423506,on,0.40879418636389286,0,0.08175883727277858
18,0.31675578409964433,on,0.41743693875237486,0,0.08348738775047498
18,0.3233548629350536,on,0.42607740950090844,0,0.08521548190018169
18,0.32995394177046283,on,0.4347155992118342,0,0.08694311984236686
18,0.33655302060587206,on,0.44335150848733407,0,0.08867030169746681
18,0.34315209944128133,on,0.45198513792943046,0,0.0903970275858861
18,0.34975117827669056,on,0.460616488139987,0,0.09212329762799741
18,0.35635025711209983,on,0.46924555972070875,0,0.09384911194414175
18,0.3629493359475091,on,0.4778723532731414,0,0.09557447065462829
18,0.3695484147829184,on,0.48649686939867237,0,0.09729937387973447
18,0.3761474936183276,on,0.49511910869852993,0,0.09902382173970599
18,0.3827465724537369,on,0.5037390717737837,0,0.10074781435475676
18,0.3893456512891461,on,0.5123567592253447,0,0.10247135184506895
18,0.3959447301245554,on,0.5209721716539655,0,0.1041944343307931
18,0.40254380895996467,on,0.5295853096602398,0,0.10591706193204796
18,0.4091428877953739,on,0.5381961738446026,0,0.10763923476892052
18,0.4157419666307831,on,0.5468047648073306,0,0.10936095296146614
18,0.42234104546619244,on,0.5554110831485425,0,0.1110822166297085
18,0.42894012430160167,on,0.5640151294681973,0,0.11280302589363947
18,0.43553920313701094,on,0.5726169043660972,0,0.11452338087321945
18,0.4421382819724202,on,0.581216408441885,0,0.11624328168837701
18,0.44873736080782944,on,0.5898136422950454,0,0.11796272845900908
18,0.45533643964323867,on,0.5984086065249048,0,0.11968172130498096
18,0.46193551847864794,on,0.6070013017306318,0,0.12140026034612637
18,0.46853459731405717,on,0.6155917285112362,0,0.12311834570224725
18,0.47513367614946644,on,0.6241798874655704,0,0.12483597749311409
18,0.4817327549848757,on,0.6327657791923278,0,0.12655315583846558
18,0.48833183382028506,on,0.6413494042900446,0,0.12826988085800892
18,0.4949309126556943,on,0.6499307633570984,0,0.1299861526714197
18,0.5015299914911034,on,0.658509856991709,0,0.1317019713983418
18,0.5081290703265128,on,0.667086685791939,0,0.1334173371583878
18,0.514728149161922,on,0.6756612503556912,0,0.13513225007113824
18,0.5213272279973312,on,0.6842335512807128,0,0.13684671025614256
18,0.5279263068327406,on,0.6928035891645921,0,0.13856071783291843
18,0.5345253856681498,on,0.7013713646047594,0,0.14027427292095188
18,0.541124464503559,on,0.7099368781984876,0,0.14198737563969752
18,0.5477235433389683,on,0.7185001305428925,0,0.14370002610857852
18,0.5543226221743776,on,0.727061122234931,0,0.1454122244469862
18,0.5609217010097868,on,0.7356198538714035,0,0.14712397077428072
18,0.5675207798451961,on,0.7441763260489525,0,0.14883526520979048
18,0.5741198586806053,on,0.7527305393640628,0,0.15054610787281256
18,0.5807189375160146,on,0.7612824944130618,0,0.1522564988826124
18,0.5873180163514239,on,0.7698321917921199,0,0.153966438358424
18,0.593917095186833,on,0.7783796320972493,0,0.15567592641944986
18,0.6005161740222422,on,0.7869248159243056,0,0.15738496318486114
18,0.6071152528576516,on,0.795467743868987,0,0.15909354877379742
18,0.6137143316930608,on,0.8040084165268339,0,0.1608016833053668
18,0.6203134105284701,on,0.81254683449323,0,0.162509366898646
18,0.6269124893638794,on,0.821082998363402,0,0.16421659967268043
18,0.6335115681992887,on,0.8296169087324184,0,0.1659233817464837
18,0.6401106470346979,on,0.8381485661951918,0,0.16762971323903839
18,0.6467097258701072,on,0.8466779713464774,0,0.16933559426929548
18,0.6533088047055164,on,0.855205124780873,0,0.1710410249561746
18,0.6599078835409257,on,0.8637300270928197,0,0.17274600541856394
18,0.666506962376335,on,0.872252678876602,0,0.1744505357753204
18,0.6731060412117441,on,0.8807730807263465,0,0.1761546161452693
18,0.6797051200471533,on,0.8892912332360242,0,0.17785824664720484
18,0.6863041988825627,on,0.8978071369994488,0,0.17956142739988978
18,0.6929032777179719,on,0.9063207926102768,0,0.18126415852205535
18,0.6995023565533811,on,0.9148322006620084,0,0.1829664401324017
18,0.7061014353887904,on,0.9233413617479875,0,0.1846682723495975
18,0.7127005142241997,on,0.9318482764614002,0,0.18636965529228006
18,0.7192995930596089,on,0.9403529453952773,0,0.18807058907905547
18,0.7258986718950182,on,0.9488553691424922,0,0.18977107382849845
18,0.7324977507304274,on,0.9573555482957621,0,0.19147110965915243
18,0.7390968295658368,on,0.9658534834476477,0,0.19317069668952955
18,0.7456959084012461,on,0.9743491751905535,0,0.19486983503811073
18,0.7522949872366552,on,0.9828426241167267,0,0.19656852482334536
18,0.7588940660720644,on,0.9913338308182593,0,0.19826676616365188
18,0.7654931449074738,on,0.9998227958870864,0,0.1999645591774173
18,0.772092223742883,on,1.0083095199149872,0,0.20166190398299744
18,0.7786913025782922,on,1.0167940034935836,0,0.20335880069871673
18,0.7852903814137016,on,1.0252762472143433,0,0.20505524944286868
18,0.7918894602491108,on,1.0337562516685754,0,0.2067512503337151
18,0.79848853908452,on,1.042234017447435,0,0.208446803489487
18,0.8050876179199293,on,1.0507095451419204,0,0.2101419090283841
18,0.8116866967553386,on,1.059182835342873,0,0.2118365670685746
18,0.8182857755907478,on,1.0676538886409797,0,0.21353077772819595
18,0.8248848544261571,on,1.0761227056267704,0,0.21522454112535408
18,0.8314839332615662,on,1.0845892868906197,0,0.21691785737812397
18,0.8380830120969754,on,1.0930536330227458,0,0.21861072660454917
18,0.8446820909323849,on,1.1015157446132122,0,0.22030314892264247
18,0.8512811697677941,on,1.1099756222519246,0,0.22199512445038494
18,0.8578802486032033,on,1.1184332665286354,0,0.2236866533057271
18,0.8644793274386127,on,1.1268886780329392,0,0.22537773560658786
18,0.8710784062740219,on,1.1353418573542766,0,0.22706837147085535
18,0.8776774851094311,on,1.143792805081931,0,0.22875856101638622
18,0.8842765639448404,on,1.1522415218050321,0,0.23044830436100644
18,0.8908756427802497,on,1.1606880081125521,0,0.23213760162251043
18,0.8974747216156589,on,1.169132264593309,0,0.23382645291866183
18,0.9040738004510681,on,1.1775742918359653,0,0.23551485836719308
18,0.9106728792864773,on,1.1860140904290275,0,0.2372028180858055
18,0.9172719581218866,on,1.194451660960847,0,0.23889033219216943
18,0.9238710369572959,on,1.2028870040196205,0,0.2405774008039241
18,0.9304701157927051,on,1.211320120193388,0,0.24226402403867764
18,0.9370691946281143,on,1.219751010070036,0,0.2439502020140072
18,0.9436682734635237,on,1.2281796742372943,0,0.24563593484745888
18,0.9502673522989329,on,1.2366061132827384,0,0.24732122265654768
18,0.9568664311343422,on,1.245030327793788,0,0.2490060655587576
18,0.9634655099697514,on,1.2534523183577089,0,0.2506904636715418
18,0.9700645888051609,on,1.2618720855616108,0,0.25237441711232217
18,0.9766636676405701,on,1.2702896299924484,0,0.2540579259984897
18,0.9832627464759793,on,1.2787049522370224,0,0.2557409904474045
18,0.9898618253113886,on,1.2871180528819772,0,0.25742361057639546
18,0.9964609041467978,on,1.2955289325138042,0,0.25910578650276084
18,1.0030599829822069,on,1.3039375917188376,0,0.2607875183437675
18,1.0096590618176164,on,1.3123440310832595,0,0.2624688062166519
18,1.0162581406530256,on,1.3207482511930944,0,0.26414965023861886
18,1.0228572194884347,on,1.329150252634214,0,0.26583005052684283
18,1.029456298323844,on,1.3375500359923354,0,0.26751000719846707
18,1.036055377159253,on,1.3459476018530199,0,0.269189520370604
18,1.0426544559946624,on,1.3543429508016753,0,0.2708685901603351
18,1.0492535348300718,on,1.3627360834235545,0,0.2725472166847109
18,1.055852613665481,on,1.371127000303755,0,0.274225400060751
18,1.0624516925008902,on,1.379515702027221,0,0.2759031404054442
18,1.0690507713362996,on,1.3879021891787422,0,0.27758043783574843
18,1.0756498501717087,on,1.3962864623429536,0,0.2792572924685907
18,1.082248929007118,on,1.4046685221043356,0,0.2809337044208671
18,1.0888480078425273,on,1.4130483690472153,0,0.2826096738094431
18,1.0954470866779367,on,1.4214260037557638,0,0.28428520075115277
18,1.1020461655133458,on,1.4298014268139996,0,0.28596028536279994
18,1.108645244348755,on,1.438174638805786,0,0.28763492776115723
18,1.1152443231841642,on,1.4465456403148333,0,0.28930912806296666
18,1.1218434020195736,on,1.4549144319246967,0,0.29098288638493935
18,1.1284424808549829,on,1.463281014218778,0,0.2926562028437556
18,1.1350415596903922,on,1.4716453877803233,0,0.2943290775560647
18,1.1416406385258016,on,1.4800075531924277,0,0.29600151063848557
18,1.1482397173612107,on,1.4883675110380294,0,0.2976735022076059
18,1.15483879619662,on,1.496725261899915,0,0.299345052379983
18,1.161437875032029,on,1.505080806360716,0,0.3010161612721432
18,1.1680369538674387,on,1.5134341450029103,0,0.3026868290005821
18,1.1746360327028478,on,1.521785278408822,0,0.3043570556817644
18,1.1812351115382569,on,1.5301342071606212,0,0.3060268414321243
18,1.187834190373666,on,1.5384809318403256,0,0.30769618636806517
18,1.1944332692090753,on,1.5468254530297978,0,0.30936509060595957
18,1.2010323480444844,on,1.5551677713107472,0,0.31103355426214946
18,1.207631426879894,on,1.5635078872647303,0,0.3127015774529461
18,1.214230505715303,on,1.5718458014731491,0,0.31436916029462986
18,1.2208295845507124,on,1.5801815145172524,0,0.31603630290345053
18,1.2274286633861216,on,1.5885150269781358,0,0.3177030053956272
18,1.2340277422215309,on,1.5968463394367418,0,0.3193692678873484
18,1.2406268210569402,on,1.6051754524738584,0,0.3210350904947717
18,1.2472258998923496,on,1.613502366670122,0,0.3227004733340244
18,1.2538249787277589,on,1.621827082606014,0,0.3243654165212028
18,1.260424057563168,on,1.6301496008618626,0,0.32602992017237253
18,1.2670231363985773,on,1.6384699220178447,0,0.32769398440356895
18,1.2736222152339864,on,1.6467880466539822,0,0.32935760933079644
18,1.2802212940693958,on,1.6551039753501446,0,0.33102079507002896
18,1.286820372904805,on,1.6634177086860487,0,0.33268354173720976
18,1.2934194517402144,on,1.6717292472412566,0,0.33434584944825135
18,1.3000185305756236,on,1.6800385915951792,0,0.33600771831903586
18,1.3066176094110329,on,1.688345742327074,0,0.33766914846541485
18,1.313216688246442,on,1.696650700016045,0,0.339330140003209
18,1.3198157670818513,on,1.7049534652410436,0,0.3409906930482087
18,1.3198157670818513,off,0,3.4099069304820944,28.749103995949014
18,1.329917111978109,off,0,3.39243330220566,28.74629018334183
18,1.3400184568743667,off,0,3.3749640062109165,28.743477068370456
18,1.3501198017706248,off,0,3.3574990414237647,28.74066465086193
18,1.3602211466668825,off,0,3.340038406770333,28.73785293064332
18,1.3703224915631402,off,0,3.322582101177076,28.73504190754176
18,1.3804238364593981,off,0,3.305130123570663,28.7322315813844
18,1.390525181355656,off,0,3.287682472878032,28.729421951998447
18,1.4006265262519138,off,0,3.2702391480264055,28.72661301921115
18,1.4107278711481717,off,0,3.25280014794329,28.723804782849804
18,1.4208292160444294,off,0,3.235365471556392,28.72099724274173
18,1.430930560940687,off,0,3.217935117793772,28.718190398714317
18,1.441031905836945,off,0,3.2005090855836755,28.715384250594973
18,1.4511332507332029,off,0,3.1830873738546615,28.71257879821117
18,1.4612345956294606,off,0,3.165669981535544,28.709774041390407
18,1.4713359405257183,off,0,3.1482569075554068,28.70696997996023
18,1.4814372854219764,off,0,3.130848150843576,28.704166613748235
18,1.491538630318234,off,0,3.113443710329676,28.70136394258205
18,1.5016399752144918,off,0,3.096043584943587,28.69856196628935
18,1.5117413201107497,off,0,3.0786477736154154,28.695760684697856
18,1.5218426650070074,off,0,3.0612562752755963,28.69296009763533
18,1.5319440099032653,off,0,3.043869088854777,28.690160204929565
18,1.542045354799523,off,0,3.026486213283917,28.687361006408423
18,1.552146699695781,off,0,3.00910764749419,28.68456250189978
18,1.5622480445920386,off,0,2.991733390417096,28.681764691231578
18,1.5723493894882963,off,0,2.9743634409843196,28.678967574231784
18,1.5824507343845544,off,0,2.9569977981278868,28.676171150728415
18,1.592552079280812,off,0,2.939636460780065,28.67337542054954
18,1.6026534241770698,off,0,2.9222794278733346,28.67058038352325
18,1.612754769073328,off,0,2.9049266983405317,28.667786039477697
18,1.6228561139695856,off,0,2.887578271114691,28.664992388241064
18,1.6329574588658433,off,0,2.8702341451291176,28.662199429641582
18,1.643058803762101,off,0,2.8528943193174143,28.659407163507527
18,1.653160148658359,off,0,2.835558792613412,28.65661558966721
18,1.6632614935546166,off,0,2.8182275639512397,28.653824707948992
18,1.6733628384508745,off,0,2.800900632265254,28.651034518181273
18,1.6834641833471324,off,0,2.7835779964901093,28.648245020192494
18,1.6935655282433901,off,0,2.7662596555607024,28.645456213811144
18,1.7036668731396478,off,0,2.7489456084121997,28.642668098865744
18,1.713768218035906,off,0,2.7316358539800376,28.639880675184873
18,1.7238695629321636,off,0,2.7143303911999084,28.63709394259714
18,1.7339709078284213,off,0,2.6970292190077743,28.634307900931198
18,1.744072252724679,off,0,2.6797323363398533,28.631522550015745
18,1.754173597620937,off,0,2.6624397421326336,28.628737889679527
18,1.7642749425171949,off,0,2.6451514353228873,28.62595391975133
18,1.7743762874134525,off,0,2.627867414847586,28.623170640059964
18,1.7844776323097105,off,0,2.6105876796440555,28.620388050434315
18,1.7945789772059682,off,0,2.5933122286497934,28.617606150703274
18,1.804680322102226,off,0,2.5760410608026376,28.61482494069581
18,1.814781666998484,off,0,2.5587741750406394,28.612044420240913
18,1.8248830118947417,off,0,2.5415115703021485,28.609264589167616
18,1.8349843567909994,off,0,2.5242532455257276,28.606485447305005
18,1.845085701687257,off,0,2.5069991996502665,28.6037069944822
18,1.855187046583515,off,0,2.489749431614868,28.60092923052836
18,1.8652883914797729,off,0,2.4725039403589193,28.5981521552727
18,1.8753897363760306,off,0,2.4552627248220773,28.59537576854447
18,1.8854910812722887,off,0,2.4380257839442407,28.592600070172956
18,1.8955924261685464,off,0,2.4207931166655783,28.58982505998749
18,1.905693771064804,off,0,2.403564721926543,28.587050737817457
18,1.915795115961062,off,0,2.3863405986678288,28.58427710349227
18,1.9258964608573197,off,0,2.3691207458303722,28.581504156841383
18,1.9359978057535774,off,0,2.351905162355422,28.578731897694315
18,1.9460991506498355,off,0,2.334693847184468,28.5759603258806
18,1.956200495546093,off,0,2.3174867992592425,28.573189441229832
18,1.9663018404423511,off,0,2.3002840175217614,28.570419243571635
18,1.9764031853386084,off,0,2.2830855009142965,28.567649732735685
18,1.9865045302348667,off,0,2.26589124837939,28.564880908551693
18,1.9966058751311244,off,0,2.2487012588598247,28.562112770849417
18,2.006707220027382,off,0,2.231515531298683,28.559345319458664
18,2.01680856492364,off,0,2.21433406463926,28.55657855420926
18,2.0269099098198975,off,0,2.1971568578251635,28.5538124749311
18,2.0370112547161554,off,0,2.179983909800228,28.551047081454104
18,2.0471125996124133,off,0,2.162815219508559,28.54828237360824
18,2.0572139445086712,off,0,2.1456507858945315,28.54551835122352
18,2.0673152894049287,off,0,2.128490607902762,28.542755014129995
18,2.077416634301187,off,0,2.111334684478166,28.539992362157758
18,2.0875179791974445,off,0,2.0941830145658713,28.537230395136945
18,2.0976193240937024,off,0,2.077035597111319,28.53446911289773
18,2.1077206689899604,off,0,2.0598924310601774,28.531708515270346
18,2.117822013886218,off,0,2.0427535153583847,28.528948602085045
18,2.1279233587824757,off,0,2.0256188489521207,28.52618937317213
18,2.1380247036787337,off,0,2.0084884307878923,28.523430828361956
18,2.1481260485749916,off,0,1.9913622598123766,28.520672967484906
18,2.1582273934712495,off,0,1.9742403349725777,28.51791579037141
18,2.1683287383675074,off,0,1.9571226552157412,28.515159296851945
18,2.178430083263765,off,0,1.9400092194893688,28.512403486757023
18,2.1885314281600228,off,0,1.9229000267412317,28.5096483599172
18,2.1986327730562802,off,0,1.9057950759193432,28.50689391616308
18,2.208734117952538,off,0,1.8886943659720146,28.504140155325295
18,2.2188354628487965,off,0,1.8715978958477564,28.501387077234533
18,2.2289368077450535,off,0,1.8545056644954343,28.49863468172152
18,2.239038152641312,off,0,1.8374176708640704,28.495882968617018
18,2.2491394975375694,off,0,1.8203339139030277,28.493131937751844
18,2.2592408424338273,off,0,1.8032543925618683,28.490381588956843
18,2.269342187330085,off,0,1.7861791057904668,28.487631922062903
18,2.279443532226343,off,0,1.7691080525389253,28.484882936900966
18,2.2895448771226006,off,0,1.7520412317576302,28.48213463330201
18,2.2996462220188585,off,0,1.7349786423971807,28.479387011097046
18,2.3097475669151164,off,0,1.7179202834085174,28.47664007011714
18,2.319848911811374,off,0,1.7008661537427514,28.47389381019339
18,2.3299502567076322,off,0,1.6838162523513063,28.47114823115694
18,2.3400516016038897,off,0,1.6667705781858757,28.468403332838975
18,2.3501529465001476,off,0,1.6497291301983665,28.46565911507073
18,2.3602542913964055,off,0,1.6326919073409982,28.462915577683468
18,2.3703556362926634,off,0,1.6156589085661892,28.460172720508503
18,2.380456981188921,off,0,1.5986301328266848,28.457430543377185
18,2.390558326085179,off,0,1.5816055790754433,28.454689046120915
18,2.4006596709814367,off,0,1.5645852462656933,28.451948228571126
18,2.410761015877694,off,0,1.547569133350919,28.449208090559296
18,2.4208623607739526,off,0,1.5305572392848887,28.446468631916943
18,2.4309637056702096,off,0,1.5135495630215985,28.443729852475634
18,2.441065050566468,off,0,1.4965461035153282,28.44099175206697
18,2.451166395462726,off,0,1.4795468597205996,28.438254330522604
18,2.4612677403589833,off,0,1.4625518305922043,28.435517587674212
18,2.4713690852552412,off,0,1.4455610150851896,28.432781523353533
18,2.481470430151499,off,0,1.428574412154859,28.43004613739233
18,2.491571775047757,off,0,1.4115920207567711,28.42731142962242
18,2.5016731199440145,off,0,1.3946138398467696,28.42457739987566
18,2.511774464840273,off,0,1.3776398683809106,28.42184404798394
18,2.5218758097365304,off,0,1.360670105315549,28.419111373779195
18,2.5319771546327883,off,0,1.3437045496072955,28.416379377093413
18,2.542078499529046,off,0,1.326743200212988,28.413648057758614
18,2.5521798444253037,off,0,1.309786056089763,28.410917415606853
18,2.5622811893215616,off,0,1.2928331161949842,28.408187450470244
18,2.5723825342178195,off,0,1.2758843794862997,28.405458162180928
18,2.5824838791140774,off,0,1.258939844921585,28.402729550571088
18,2.592585224010335,off,0,1.2419995114590137,28.40000161547296
18,2.602686568906593,off,0,1.2250633780569729,28.397274356718814
18,2.6127879138028507,off,0,1.2081314436741337,28.39454777414096
18,2.6228892586991086,off,0,1.1912037072694375,28.39182186757175
18,2.6329906035953656,off,0,1.174280167802067,28.389096636843583
18,2.643091948491624,off,0,1.1573608242314606,28.3863720817889
18,2.653193293387882,off,0,1.1404456755172987,28.383648202240167
18,2.6632946382841394,off,0,1.123534720619574,28.380924998029915
18,2.6733959831803973,off,0,1.1066279584984926,28.378202468990704
18,2.683497328076655,off,0,1.089725388114502,28.37548061495513
18,2.693598672972913,off,0,1.0728270084283764,28.37275943575585
18,2.7037000178691706,off,0,1.055932818401061,28.370038931225537
18,2.713801362765429,off,0,1.0390428169938417,28.367319101196927
18,2.723902707661686,off,0,1.0221570031682035,28.36459994550279
18,2.7340040525579443,off,0,1.0052753758859154,28.361881463975926
18,2.7441053974542022,off,0,0.9883979341089884,28.359163656449198
18,2.7542067423504597,off,0,0.971524676799703,28.356446522755498
18,2.7643080872467176,off,0,0.9546556029205959,28.353730062727756
18,2.7744094321429755,off,0,0.9377907114344595,28.351014276198946
18,2.7845107770392334,off,0,0.9209300013043418,28.348299163002096
18,2.794612121935491,off,0,0.9040734714935468,28.34558472297026
18,2.804713466831749,off,0,0.8872211209656342,28.342870955936533
18,2.8148148117280063,off,0,0.8703729486844338,28.340157861734067
18,2.8249161566242647,off,0,0.8535289536140027,28.337445440196035
18,2.835017501520522,off,0,0.8366891347186822,28.33473369115567
18,2.84511884641678,off,0,0.8198534909630837,28.33202261444623
18,2.855220191313038,off,0,0.8030220213120316,28.329312209901033
18,2.8653215362092954,off,0,0.7861947247306347,28.32660247735342
18,2.8754228811055538,off,0,0.7693716001842574,28.32389341663678
18,2.8855242260018112,off,0,0.752552646638506,28.321185027584548
18,2.895625570898069,off,0,0.7357378630592564,28.31847731003019
18,2.905726915794327,off,0,0.7189272484126406,28.31577026380723
18,2.915828260690585,off,0,0.7021208016650604,28.313063888749216
18,2.9259296055868425,off,0,0.685318521783131,28.310358184689747
18,2.9360309504831004,off,0,0.6685204077337659,28.30765315146246
18,2.9461322953793587,off,0,0.65172645848412,28.30494878890103
18,2.9562336402756157,off,0,0.6349366730015902,28.302245096839183
18,2.966334985171874,off,0,0.6181510502538572,28.29954207511068
18,2.9764363300681316,off,0,0.6013695892088293,28.29683972354932
18,2.9865376749643895,off,0,0.5845922888347133,28.294138041988944
18,2.9966390198606474,off,0,0.5678191480999004,28.291437030263445
18,3.006740364756905,off,0,0.5510501659731233,28.288736688206747
18,3.016841709653163,off,0,0.5342853414233133,28.286037015652813
18,3.0269430545494207,off,0,0.5175246734196435,28.283338012435653
18,3.0370443994456786,off,0,0.5007681609316137,28.28063967838932
18,3.047145744341936,off,0,0.48401580292890856,28.2779420133479
18,3.0572470892381944,off,0,0.4672675983814969,28.27524501714553
18,3.0673484341344515,off,0,0.45052354625961755,28.27254868961638
18,3.07744977903071,off,0,0.43378364553375093,28.26985303059466
18,3.0875511239269677,off,0,0.41704789517460483,28.267158039914634
18,3.097652468823225,off,0,0.4003162941531855,28.264463717410592
18,3.107753813719483,off,0,0.3835888414407407,28.261770062916874
18,3.117855158615741,off,0,0.3668655360087598,28.259077076267857
18,3.127956503511999,off,0,0.3501463768290023,28.256384757297962
18,3.1380578484082564,off,0,0.3334313628734691,28.25369310584165
18,3.1481591933045143,off,0,0.3167204931144454,28.25100212173342
18,3.158260538200772,off,0,0.30001376652441536,28.248311804807816
18,3.16836188309703,off,0,0.28331118207619,28.245622154899422
18,3.1784632279932876,off,0,0.26661273874276503,28.242933171842864
18,3.1885645728895455,off,0,0.24991843549744885,28.240244855472806
18,3.1986659177858034,off,0,0.233228271313763,28.237557205623958
18,3.208767262682061,off,0,0.21654224516549903,28.234870222131057
18,3.218868607578319,off,0,0.19986035602671848,28.232183904828908
18,3.2289699524745767,off,0,0.18318260287169608,28.229498253552322
18,3.2390712973708347,off,0,0.16650898467501918,28.22681326813619
18,3.249172642267092,off,0,0.1498395004114741,28.224128948415405
18,3.2592739871633505,off,0,0.13317414905613134,28.221445294224935
18,3.2693753320596075,off,0,0.11651292958428883,28.218762305399757
18,3.279476676955866,off,0,0.09985584097155709,28.21607998177492
18,3.2895780218521242,off,0,0.0832028821937314,28.213398323185494
18,3.2996793667483812,off,0,0.06655405222690547,28.21071732946659
18,3.3097807116446396,off,0,0.04990935004740038,28.208037000453373
18,3.319882056540897,off,0,0.03326877463180722,28.205357335981034
18,3.329983401437155,off,0,0.016632324956987077,28.20267833588482
18,3.3400847463334125,off,0,0.0,28.2
24,0.0,on,0.0,0,0.0
24,0.0043505358307404695,on,0.00775866454396157,0,0.001551732908792314
24,0.008701071661480939,on,0.015515978692416313,0,0.003103195738483263
24,0.01305160749222141,on,0.02327194268040055,0,0.00465438853608011
24,0.017402143322961878,on,0.031026556742909713,0,0.006205311348581943
24,0.02175267915370235,on,0.038779821114898305,0,0.007755964222979661
24,0.02610321498444282,on,0.04653173603127996,0,0.009306347206255993
24,0.030453750815183287,on,0.05428230172692741,0,0.010856460345385482
24,0.034804286645923756,on,0.06203151843667255,0,0.012406303687334511
24,0.03915482247666423,on,0.06977938639530631,0,0.013955877279061264
24,0.0435053583074047,on,0.07752590583757886,0,0.015505181167515772
24,0.047855894138145165,on,0.08527107699819941,0,0.017054215399639885
24,0.05220642996888564,on,0.09301490011183643,0,0.018602980022367287
24,0.05655696579962611,on,0.10075737541311745,0,0.020151475082623493
24,0.060907501630366574,on,0.10849850313662918,0,0.021699700627325836
24,0.06525803746110705,on,0.11623828351691759,0,0.02324765670338352
24,0.06960857329184751,on,0.12397671678848775,0,0.02479534335769755
24,0.07395910912258799,on,0.13171380318580383,0,0.02634276063716077
24,0.07830964495332846,on,0.13944954294328937,0,0.027889908588657877
24,0.08266018078406892,on,0.14718393629532697,0,0.029436787259065397
24,0.0870107166148094,on,0.15491698347625857,0,0.030983396695251714
24,0.09136125244554986,on,0.16264868472038516,0,0.032529736944077035
24,0.09571178827629033,on,0.17037904026196704,0,0.03407580805239341
24,0.10006232410703081,on,0.17810805033522384,0,0.03562161006704477
24,0.10441285993777127,on,0.1858357151743341,0,0.03716714303486682
24,0.10876339576851174,on,0.19356203501343597,0,0.038712407002687195
24,0.11311393159925222,on,0.20128701008662667,0,0.04025740201732533
24,0.11746446742999268,on,0.20901064062796265,0,0.04180212812559253
24,0.12181500326073315,on,0.2167329268714597,0,0.043346585374291945
24,0.12616553909147366,on,0.22445386905109296,0,0.044890773810218595
24,0.1305160749222141,on,0.23217346740079642,0,0.046434693480159286
24,0.13486661075295456,on,0.23989172215446408,0,0.04797834443089282
24,0.13921714658369502,on,0.24760863354594853,0,0.04952172670918971
24,0.14356768241443552,on,0.255324201809062,0,0.05106484036181241
24,0.14791821824517598,on,0.26303842717757603,0,0.05260768543551521
24,0.15226875407591645,on,0.2707513098852214,0,0.054150261977044284
24,0.1566192899066569,on,0.2784628501656882,0,0.05569257003313765
24,0.16096982573739738,on,0.2861730482526259,0,0.05723460965052518
24,0.16532036156813784,on,0.29388190437964323,0,0.05877638087592865
24,0.16967089739887833,on,0.3015894187803084,0,0.06031788375606169
24,0.1740214332296188,on,0.30929559168814874,0,0.06185911833762975
24,0.17837196906035924,on,0.3170004233366512,0,0.06340008466733024
24,0.18272250489109973,on,0.3247039139592618,0,0.06494078279185236
24,0.18707304072184022,on,0.33240606378938625,0,0.06648121275787726
24,0.19142357655258066,on,0.34010687306038934,0,0.06802137461207787
24,0.19577411238332112,on,0.34780634200559546,0,0.06956126840111909
24,0.20012464821406162,on,0.35550447085828835,0,0.07110089417165767
24,0.20447518404480208,on,0.36320125985171087,0,0.07264025197034217
24,0.20882571987554255,on,0.3708967092190658,0,0.07417934184381317
24,0.213176255706283,on,0.3785908191935149,0,0.07571816383870299
24,0.21752679153702348,on,0.3862835900081795,0,0.07725671800163592
24,0.22187732736776397,on,0.3939750218961404,0,0.0787950043792281
24,0.22622786319850444,on,0.4016651150904378,0,0.08033302301808756
24,0.2305783990292449,on,0.40935386982407124,0,0.08187077396481425
24,0.23492893485998537,on,0.4170412863299997,0,0.08340825726599994
24,0.23927947069072583,on,0.4247273648411419,0,0.08494547296822838
24,0.2436300065214663,on,0.4324121055903758,0,0.08648242111807516
24,0.24798054235220676,on,0.44009550881053866,0,0.08801910176210774
24,0.2523310781829473,on,0.4477775747344279,0,0.08955551494688559
24,0.2566816140136878,on,0.4554583035947994,0,0.09109166071895988
24,0.2610321498444282,on,0.46313769562436896,0,0.0926275391248738
24,0.26538268567516865,on,0.47081575105581247,0,0.0941631502111625
24,0.2697332215059091,on,0.4784924701217646,0,0.09569849402435293
24,0.2740837573366496,on,0.4861678530548197,0,0.09723357061096394
24,0.27843429316739005,on,0.49384190008753176,0,0.09876838001750636
24,0.2827848289981305,on,0.5015146114524142,0,0.10030292229048283
24,0.28713536482887103,on,0.50918598738194,0,0.101837197476388
24,0.2914859006596115,on,0.5168560281085417,0,0.10337120562170835
24,0.29583643649035196,on,0.5245247338646112,0,0.10490494677292224
24,0.3001869723210924,on,0.5321921048825003,0,0.10643842097650008
24,0.3045375081518329,on,0.5398581413945202,0,0.10797162827890404
24,0.3088880439825733,on,0.5475228436329413,0,0.10950456872658827
24,0.3132385798133138,on,0.5551862118299945,0,0.1110372423659989
24,0.3175891156440543,on,0.5628482462178692,0,0.11256964924357385
24,0.32193965147479475,on,0.570508947028715,0,0.114101789405743
24,0.3262901873055353,on,0.5781683144946411,0,0.11563366289892824
24,0.3306407231362757,on,0.5858263488477159,0,0.11716526976954318
24,0.33499125896701615,on,0.593483050319968,0,0.1186966100639936
24,0.33934179479775667,on,0.6011384191433851,0,0.12022768382867702
24,0.34369233062849713,on,0.6087924555499148,0,0.12175849110998296
24,0.3480428664592376,on,0.6164451597714642,0,0.12328903195429285
24,0.35239340228997806,on,0.6240965320399001,0,0.12481930640798003
24,0.3567439381207185,on,0.6317465725870488,0,0.12634931451740977
24,0.361094473951459,on,0.6393952816446967,0,0.12787905632893934
24,0.36544500978219946,on,0.6470426594445894,0,0.12940853188891788
24,0.36979554561294,on,0.6546887062184322,0,0.13093774124368646
24,0.37414608144368044,on,0.6623334221978903,0,0.13246668443957807
24,0.3784966172744209,on,0.6699768076145882,0,0.13399536152291766
24,0.3828471531051613,on,0.6776188627001105,0,0.1355237725400221
24,0.3871976889359018,on,0.6852595876860015,0,0.1370519175372003
24,0.39154822476664225,on,0.6928989828037649,0,0.138579796560753
24,0.3958987605973827,on,0.7005370482848641,0,0.14010740965697283
24,0.40024929642812324,on,0.7081737843607228,0,0.14163475687214455
24,0.4045998322588637,on,0.7158091912627231,0,0.14316183825254464
24,0.40895036808960417,on,0.7234432692222086,0,0.1446886538444417
24,0.41330090392034463,on,0.7310760184704813,0,0.14621520369409627
24,0.4176514397510851,on,0.7387074392388037,0,0.14774148784776073
24,0.42200197558182556,on,0.7463375317583971,0,0.14926750635167943
24,0.426352511412566,on,0.7539662962604438,0,0.15079325925208875
24,0.4307030472433065,on,0.761593732976085,0,0.15231874659521702
24,0.43505358307404696,on,0.7692198421364219,0,0.1538439684272844
24,0.4394041189047875,on,0.7768446239725154,0,0.1553689247945031
24,0.44375465473552794,on,0.7844680787153865,0,0.1568936157430773
24,0.4481051905662684,on,0.7920902065960157,0,0.15841804131920315
24,0.4524557263970089,on,0.7997110078453433,0,0.1599422015690687
24,0.45680626222774934,on,0.8073304826942694,0,0.1614660965388539
24,0.4611567980584898,on,0.8149486313736541,0,0.16298972627473085
24,0.46550733388923027,on,0.822565454114317,0,0.16451309082286342
24,0.46985786971997073,on,0.8301809511470382,0,0.16603619022940763
24,0.4742084055507112,on,0.8377951227025568,0,0.1675590245405114
24,0.47855894138145166,on,0.845407969011572,0,0.1690815938023144
24,0.4829094772121922,on,0.8530194903047432,0,0.17060389806094867
24,0.4872600130429326,on,0.8606296868126891,0,0.17212593736253784
24,0.491610548873673,on,0.8682385587659888,0,0.17364771175319776
24,0.4959610847044135,on,0.8758461063951811,0,0.17516922127903622
24,0.500311620535154,on,0.8834523299307645,0,0.1766904659861529
24,0.5046621563658946,on,0.8910572296031978,0,0.17821144592063956
24,0.509012692196635,on,0.8986608056428985,0,0.1797321611285797
24,0.5133632280273756,on,0.9062630582802459,0,0.1812526116560492
24,0.517713763858116,on,0.9138639877455771,0,0.18277279754911543
24,0.5220642996888564,on,0.9214635942691906,0,0.18429271885383813
24,0.5264148355195969,on,0.9290618780813451,0,0.18581237561626904
24,0.5307653713503373,on,0.9366588394122578,0,0.18733176788245157
24,0.5351159071810778,on,0.9442544784921068,0,0.18885089569842137
24,0.5394664430118182,on,0.9518487955510295,0,0.19036975911020593
24,0.5438169788425586,on,0.959441790819124,0,0.1918883581638248
24,0.5481675146732992,on,0.9670334645264481,0,0.19340669290528964
24,0.5525180505040396,on,0.9746238169030191,0,0.19492476338060383
24,0.5568685863347801,on,0.982212848178815,0,0.196442569635763
24,0.5612191221655206,on,0.989800558583773,0,0.19796011171675462
24,0.565569657996261,on,0.9973869483477907,0,0.19947738966955816
24,0.5699201938270015,on,1.004972017700726,0,0.2009944035401452
24,0.5742707296577421,on,1.012555766872396,0,0.2025111533744792
24,0.5786212654884826,on,1.0201381960925786,0,0.20402763921851574
24,0.582971801319223,on,1.027719305591011,0,0.20554386111820222
24,0.5873223371499635,on,1.035299095597391,0,0.20705981911947824
24,0.5916728729807039,on,1.042877566341376,0,0.20857551326827523
24,0.5960234088114443,on,1.0504547180525838,0,0.21009094361051678
24,0.6003739446421849,on,1.0580305509605923,0,0.21160611019211847
24,0.6047244804729253,on,1.0656050652949385,0,0.2131210130589877
24,0.6090750163036658,on,1.0731782612851206,0,0.21463565225702413
24,0.6134255521344062,on,1.080750139160596,0,0.21615002783211923
24,0.6177760879651466,on,1.0883206991507832,0,0.21766413983015664
24,0.6221266237958872,on,1.09588994148506,0,0.21917798829701202
24,0.6264771596266276,on,1.1034578663927639,0,0.2206915732785528
24,0.6308276954573682,on,1.1110244741031934,0,0.22220489482063868
24,0.6351782312881086,on,1.118589764845606,0,0.22371795296912123
24,0.639528767118849,on,1.1261537388492209,0,0.2252307477698442
24,0.6438793029495895,on,1.1337163963432164,0,0.2267432792686433
24,0.64822983878033,on,1.14127773755673,0,0.22825554751134602
24,0.6525803746110705,on,1.1488377627188615,0,0.22976755254377232
24,0.656930910441811,on,1.1563964720586688,0,0.23127929441173378
24,0.6612814462725514,on,1.1639538658051711,0,0.23279077316103425
24,0.6656319821032919,on,1.1715099441873478,0,0.23430198883746955
24,0.6699825179340323,on,1.1790647074341372,0,0.23581294148682744
24,0.6743330537647728,on,1.1866181557744393,0,0.23732363115488786
24,0.6786835895955133,on,1.1941702894371131,0,0.23883405788742262
24,0.6830341254262539,on,1.201721108650979,0,0.2403442217301958
24,0.6873846612569943,on,1.2092706136448157,0,0.24185412272896314
24,0.6917351970877347,on,1.2168188046473636,0,0.24336376092947273
24,0.6960857329184752,on,1.2243656818873234,0,0.2448731363774647
24,0.7004362687492156,on,1.2319112455933547,0,0.24638224911867096
24,0.7047868045799561,on,1.239455495994079,0,0.2478910991988158
24,0.7091373404106965,on,1.246998433318076,0,0.2493996866636152
24,0.713487876241437,on,1.2545400577938872,0,0.25090801155877746
24,0.7178384120721775,on,1.262080369650014,0,0.2524160739300028
24,0.722188947902918,on,1.2696193691149178,0,0.2539238738229836
24,0.7265394837336585,on,1.2771570564170203,0,0.2554314112834041
24,0.7308900195643989,on,1.284693431784703,0,0.2569386863569406
24,0.7352405553951393,on,1.2922284954463084,0,0.2584456990892617
24,0.73959109122588,on,1.2997622476301391,0,0.25995244952602786
24,0.7439416270566204,on,1.3072946885644574,0,0.26145893771289147
24,0.7482921628873609,on,1.3148258184774868,0,0.2629651636954974
24,0.7526426987181013,on,1.3223556375974097,0,0.26447112751948193
24,0.7569932345488418,on,1.3298841461523703,0,0.26597682923047405
24,0.7613437703795822,on,1.3374113443704723,0,0.2674822688740945
24,0.7656943062103226,on,1.3449372324797797,0,0.26898744649595596
24,0.7700448420410632,on,1.3524618107083173,0,0.27049236214166344
24,0.7743953778718036,on,1.3599850792840693,0,0.27199701585681385
24,0.7787459137025441,on,1.3675070384349812,0,0.27350140768699627
24,0.7830964495332845,on,1.375027688388958,0,0.2750055376777916
24,0.7874469853640249,on,1.3825470293738658,0,0.2765094058747732
24,0.7917975211947654,on,1.39006506161753,0,0.278013012323506
24,0.796148057025506,on,1.3975817853477381,0,0.27951635706954764
24,0.8004985928562465,on,1.4050972007922364,0,0.2810194401584473
24,0.804849128686987,on,1.4126113081787313,0,0.2825222616357463
24,0.8091996645177274,on,1.4201241077348907,0,0.28402482154697817
24,0.8135502003484679,on,1.4276355996883427,0,0.28552711993766855
24,0.8179007361792083,on,1.4351457842666753,0,0.2870291568533351
24,0.8222512720099489,on,1.4426546616974376,0,0.2885309323394875
24,0.8266018078406893,on,1.450162232208138,0,0.2900324464416276
24,0.8309523436714298,on,1.457668496026247,0,0.2915336992052494
24,0.8353028795021702,on,1.465173453379193,0,0.2930346906758386
24,0.8396534153329106,on,1.4726771044943667,0,0.29453542089887336
24,0.8440039511636511,on,1.4801794495991192,0,0.2960358899198238
24,0.8483544869943915,on,1.4876804889207615,0,0.2975360977841523
24,0.852705022825132,on,1.4951802226865647,0,0.299036044537313
24,0.8570555586558726,on,1.5026786511237615,0,0.30053573022475233
24,0.861406094486613,on,1.5101757744595437,0,0.30203515489190874
24,0.8657566303173535,on,1.5176715929210647,0,0.303534318584213
24,0.8701071661480939,on,1.5251661067354374,0,0.3050332213470875
24,0.8701071661480939,off,0,3.050332213470881,34.691200974553304
24,0.8791666455352054,off,0,3.0347405931929927,34.688690225382594
24,0.8882261249223168,off,0,3.019152439919864,34.68618003451046
24,0.8972856043094282,off,0,3.003567752880585,34.68367040181275
24,0.9063450836965397,off,0,2.9879865313043865,34.68116132716535
24,0.915404563083651,off,0,2.9724087744206713,34.67865281044417
24,0.9244640424707625,off,0,2.956834481459012,34.67614485152515
24,0.9335235218578738,off,0,2.941263651649166,34.673637450284254
24,0.9425830012449853,off,0,2.925696284221061,34.67113060659748
24,0.9516424806320967,off,0,2.910132378404782,34.66862432034084
24,0.960701960019208,off,0,2.8945719334305977,34.66611859139038
24,0.9697614394063195,off,0,2.8790149485289334,34.66361341962218
24,0.9788209187934309,off,0,2.8634614229304276,34.66110880491235
24,0.9878803981805423,off,0,2.8479113558658185,34.65860474713702
24,0.9969398775676538,off,0,2.8323647465660713,34.65610124617233
24,1.0059993569547652,off,0,2.816821594262308,34.65359830189448
24,1.0150588363418764,off,0,2.8012818981858345,34.65109591417969
24,1.024118315728988,off,0,2.7857456575680857,34.64859408290419
24,1.0331777951160994,off,0,2.7702128716406946,34.64609280794424
24,1.042237274503211,off,0,2.7546835396354794,34.64359208917616
24,1.0512967538903222,off,0,2.7391576607844144,34.64109192647626
24,1.0603562332774337,off,0,2.7236352343196444,34.63859231972088
24,1.0694157126645452,off,0,2.7081162594734707,34.63609326878641
24,1.0784751920516564,off,0,2.6926007354783934,34.63359477354926
24,1.087534671438768,off,0,2.677088661567069,34.63109683388586
24,1.0965941508258794,off,0,2.6615800369723246,34.62859944967266
24,1.1056536302129907,off,0,2.6460748609271434,34.62610262078616
24,1.1147131096001022,off,0,2.630573132664722,34.62360634710288
24,1.1237725889872134,off,0,2.6150748514183846,34.62111062849935
24,1.1328320683743252,off,0,2.5995800164216405,34.61861546485215
24,1.1418915477614364,off,0,2.5840886269081693,34.616120856037874
24,1.1509510271485477,off,0,2.5686006821118212,34.613626801933144
24,1.1600105065356592,off,0,2.553116181266631,34.611133302414615
24,1.1690699859227707,off,0,2.537635123606762,34.60864035735897
24,1.1781294653098822,off,0,2.522157508366618,34.60614796664292
24,1.1871889446969934,off,0,2.506683334780689,34.6036561301432
24,1.196248424084105,off,0,2.4912126020837064,34.60116484773656
24,1.2053079034712164,off,0,2.475745309510515,34.59867411929981
24,1.2143673828583277,off,0,2.4602814562961868,34.59618394470975
24,1.2234268622454392,off,0,2.4448210416759224,34.59369432384322
24,1.2324863416325507,off,0,2.4293640648850925,34.59120525657712
24,1.241545821019662,off,0,2.413910525159281,34.58871674278833
24,1.2506053004067732,off,0,2.398460421734171,34.58622878235377
24,1.259664779793885,off,0,2.383013753845688,34.58374137515042
24,1.2687242591809962,off,0,2.3675705207298705,34.58125452105523
24,1.2777837385681077,off,0,2.35213072162297,34.57876821994523
24,1.286843217955219,off,0,2.336694355761381,34.57628247169745
24,1.2959026973423304,off,0,2.321261422381667,34.57379727618896
24,1.304962176729442,off,0,2.3058319207205926,34.57131263329684
24,1.3140216561165532,off,0,2.290405850015034,34.56882854289822
24,1.323081135503665,off,0,2.2749832095021105,34.56634500487024
24,1.3321406148907762,off,0,2.259563998419054,34.56386201909007
24,1.3412000942778874,off,0,2.244148216003282,34.56137958543491
24,1.350259573664999,off,0,2.228735861492396,34.558897703781994
24,1.3593190530521104,off,0,2.21332693412414,34.55641637400858
24,1.3683785324392217,off,0,2.1979214331364574,34.55393559599194
24,1.3774380118263332,off,0,2.1825193577674327,34.551455369609386
24,1.3864974912134445,off,0,2.167120707255364,34.54897569473825
24,1.3955569706005562,off,0,2.1517254808386497,34.546496571255915
24,1.4046164499876674,off,0,2.136333677755914,34.54401799903975
24,1.413675929374779,off,0,2.120945297245939,34.54153997796719
24,1.4227354087618904,off,0,2.1055603385476616,34.53906250791567
24,1.4317948881490017,off,0,2.0901788009002047,34.53658558876267
24,1.4408543675361132,off,0,2.074800683542847,34.53410922038569
24,1.4499138469232242,off,0,2.0594259857150377,34.53163340266225
24,1.458973326310336,off,0,2.0440547066563965,34.52915813546991
24,1.4680328056974474,off,0,2.028686845606714,34.526683418686254
24,1.4770922850845585,off,0,2.013322401805965,34.524209252188896
24,1.4861517644716702,off,0,1.997961374494281,34.521735635855464
24,1.4952112438587817,off,0,1.9826037629119355,34.519262569563615
24,1.504270723245893,off,0,1.967249566299401,34.51679005319105
24,1.5133302026330042,off,0,1.9518987838973345,34.514318086615496
24,1.522389682020116,off,0,1.9365514149465213,34.511846669714686
24,1.5314491614072272,off,0,1.9212074586879453,34.509375802366385
24,1.5405086407943385,off,0,1.905866914362747,34.50690548444841
24,1.54956812018145,off,0,1.8905297812122228,34.50443571583858
24,1.5586275995685615,off,0,1.8751960584778686,34.501966496414745
24,1.5676870789556727,off,0,1.8598657454013363,34.49949782605479
24,1.5767465583427842,off,0,1.8445388412244341,34.49702970463663
24,1.585806037729896,off,0,1.8292153451891409,34.49456213203819
24,1.5948655171170072,off,0,1.8138952565376343,34.49209510813744
24,1.6039249965041185,off,0,1.7985785745122058,34.48962863281236
24,1.61298447589123,off,0,1.7832652983553743,34.48716270594098
24,1.6220439552783414,off,0,1.7679554273097722,34.484697327401335
24,1.6311034346654527,off,0,1.7526489606182736,34.4822324970715
24,1.6401629140525642,off,0,1.7373458975238094,34.47976821482957
24,1.6492223934396755,off,0,1.722046237269609,34.47730448055367
24,1.658281872826787,off,0,1.7067499790989586,34.47484129412196
24,1.6673413522138985,off,0,1.691457122255386,34.47237865541261
24,1.67640083160101,off,0,1.6761676659825469,34.46991656430383
24,1.6854603109881214,off,0,1.6608816095242815,34.46745502067385
24,1.6945197903752327,off,0,1.645598952124601,34.464994024400944
24,1.7035792697623442,off,0,1.6303196930276869,34.462533575363395
24,1.7126387491494555,off,0,1.6150438314778626,34.4600736734395
24,1.721698228536567,off,0,1.5997713667196507,34.45761431850762
24,1.7307577079236784,off,0,1.584502297997716,34.455155510446126
24,1.7398171873107897,off,0,1.5692366245569218,34.4526972491334
24,1.7488766666979012,off,0,1.553974345642274,34.450239534447874
24,1.7579361460850127,off,0,1.538715460498949,34.447782366268
24,1.7669956254721242,off,0,1.5234599683723076,34.44532574447224
24,1.7760551048592352,off,0,1.5082078685078528,34.442869668939124
24,1.785114584246347,off,0,1.4929591601512868,34.44041413954716
24,1.7941740636334584,off,0,1.4777138425484537,34.43795915617492
24,1.8032335430205695,off,0,1.4624719149453682,34.43550471870098
24,1.812293022407681,off,0,1.4472333765882297,34.43305082700396
24,1.8213525017947927,off,0,1.431998226723394,34.43059748096249
24,1.8304119811819037,off,0,1.416766464597373,34.42814468045525
24,1.8394714605690152,off,0,1.4015380894568779,34.42569242536092
24,1.848530939956127,off,0,1.3863131005487332,34.42324071555822
24,1.8575904193432384,off,0,1.3710914971200054,34.42078955092592
24,1.8666498987303495,off,0,1.3558732784178602,34.41833893134276
24,1.875709378117461,off,0,1.3406584436896765,34.415888856687566
24,1.8847688575045722,off,0,1.325446992182961,34.41343932683915
24,1.8938283368916837,off,0,1.3102389231454197,34.41099034167638
24,1.9028878162787952,off,0,1.2950342358249287,34.40854190107814
24,1.9119472956659067,off,0,1.2798329294695066,34.40609400492332
24,1.9210067750530184,off,0,1.2646350033273421,34.40364665309087
24,1.9300662544401295,off,0,1.2494404566468091,34.40119984545975
24,1.939125733827241,off,0,1.2342492886764376,34.39875358190895
24,1.9481852132143522,off,0,1.219061498664928,34.396307862317485
24,1.9572446926014637,off,0,1.2038770858611514,34.3938626865644
24,1.9663041719885752,off,0,1.1886960495141352,34.391418054528756
24,1.9753636513756867,off,0,1.1735183888730631,34.388973966089665
24,1.984423130762798,off,0,1.158344103187332,34.38653042112625
24,1.9934826101499095,off,0,1.1431731917064525,34.38408741951765
24,2.0025420895370205,off,0,1.1280056536801482,34.38164496114305
24,2.011601568924132,off,0,1.1128414883582565,34.37920304588166
24,2.0206610483112435,off,0,1.097680694990828,34.3767616736127
24,2.029720527698355,off,0,1.0825232728280696,34.37432084421543
24,2.0387800070854665,off,0,1.0673692211203303,34.37188055756915
24,2.047839486472578,off,0,1.0522185391181722,34.369440813553155
24,2.0568989658596895,off,0,1.037071226072257,34.367001612046785
24,2.0659584452468005,off,0,1.0219272812334879,34.36456295292942
24,2.075017924633912,off,0,1.006786703852896,34.36212483608044
24,2.084077404021023,off,0,0.9916494931816686,34.359687261379264
24,2.093136883408135,off,0,0.9765156484711639,34.35725022870535
24,2.1021963627952465,off,0,0.9613851689729387,34.35481373793816
24,2.111255842182358,off,0,0.9462580539386778,34.35237778895719
24,2.1203153215694694,off,0,0.931134302620265,34.34994238164198
24,2.1293748009565805,off,0,0.9160139142697119,34.34750751587208
24,2.138434280343692,off,0,0.9008968881392292,34.345073191527064
24,2.147493759730803,off,0,0.8857832234811838,34.34263940848654
24,2.1565532391179145,off,0,0.8706729195480847,34.34020616663014
24,2.1656127185050265,off,0,0.8555659755926683,34.337773465837536
24,2.174672197892138,off,0,0.8404623908677848,34.33534130598841
24,2.183731677279249,off,0,0.8253621646264406,34.332909686962466
24,2.1927911566663605,off,0,0.8102652961218695,34.33047860863945
24,2.201850636053472,off,0,0.7951717846074047,34.328048070899136
24,2.210910115440583,off,0,0.7800816293365784,34.325618073621314
24,2.2199695948276945,off,0,0.7649948295631077,34.323188616685805
24,2.2290290742148064,off,0,0.7499113845408232,34.320759699972456
24,2.238088553601918,off,0,0.7348312935237686,34.31833132336114
24,2.247148032989029,off,0,0.71975455576613,34.31590348673177
24,2.2562075123761405,off,0,0.7046811705222922,34.313476189964256
24,2.2652669917632515,off,0,0.6896111370467253,34.31104943293856
24,2.274326471150363,off,0,0.6745444545941552,34.308623215534666
24,2.2833859505374745,off,0,0.6594811224194359,34.30619753763258
24,2.2924454299245864,off,0,0.6444211397775774,34.30377239911233
24,2.3015049093116975,off,0,0.6293645059237889,34.301347799853986
24,2.310564388698809,off,0,0.6143112201133931,34.29892373973764
24,2.3196238680859205,off,0,0.5992612816019118,34.29650021864339
24,2.3286833474730315,off,0,0.5842146896450515,34.29407723645139
24,2.337742826860143,off,0,0.5691714434986466,34.291654793041815
24,2.3468023062472545,off,0,0.5541315424187019,34.28923288829483
24,2.355861785634366,off,0,0.5390949856614071,34.286811522090694
24,2.3649212650214775,off,0,0.5240617724831083,34.28439069430963
24,2.373980744408589,off,0,0.5090319021403218,34.28197040483192
24,2.3830402237957005,off,0,0.49400537388972054,34.27955065353786
24,2.3920997031828115,off,0,0.47898218698813366,34.277131440307784
24,2.401159182569923,off,0,0.463962340692575,34.274712765022045
24,2.410218661957034,off,0,0.44894583426021484,34.272294627561024
24,2.4192781413441455,off,0,0.43393266694840804,34.26987702780512
24,2.4283376207312575,off,0,0.41892283801462327,34.267459965634785
24,2.437397100118369,off,0,0.4039163467165565,34.26504344093046
24,2.44645657950548,off,0,0.3889131923120317,34.26262745357265
24,2.4555160588925915,off,0,0.373913374059029,34.26021200344185
24,2.4645755382797025,off,0,0.3589168912157419,34.25779709041862
24,2.473635017666814,off,0,0.34392374304046314,34.255382714383515
24,2.4826944970539255,off,0,0.328933928791713,34.252968875217135
24,2.4917539764410375,off,0,0.31394744772813965,34.25055557280009
24,2.500813455828149,off,0,0.2989642991085617,34.24814280701303
24,2.50987293521526,off,0,0.28398448219196837,34.24573057773664
24,2.5189324146023715,off,0,0.26900799623750515,34.243318884851604
24,2.5279918939894825,off,0,0.2540348405045023,34.24090772823866
24,2.537051373376594,off,0,0.239065014252418,34.23849710777856
24,2.5461108527637055,off,0,0.2240985167409093,34.23608702335207
24,2.5551703321508175,off,0,0.20913534722980387,34.23367747484001
24,2.5642298115379285,off,0,0.194175504979043,34.2312684621232
24,2.57328929092504,off,0,0.17921898924879542,34.22885998508251
24,2.5823487703121515,off,0,0.16426579929934348,34.22645204359882
24,2.5914082496992625,off,0,0.14931593439116853,34.22404463755304
24,2.600467729086374,off,0,0.134369393784894,34.22163776682612
24,2.6095272084734855,off,0,0.11942617674132805,34.21923143129901
24,2.618586687860597,off,0,0.10448628252143521,34.2168256308527
24,2.6276461672477085,off,0,0.08954971038632209,34.21442036536823
24,2.63670564663482,off,0,0.07461645959729424,34.21201563472662
24,2.645765126021931,off,0,0.05968652941579933,34.20961143880895
24,2.6548246054090425,off,0,0.04475991910345556,34.207207777496315
24,2.663884084796154,off,0,0.02983662792205166,34.20480465066984
24,2.6729435641832655,off,0,0.014916655133532686,34.20240205821068
24,2.6820030435703766,off,0,0.0,34.2
36,0.0,on,0.0,0,0.0
36,0.0028310363183753923,on,0.007638186738169919,0,0.001527637347633984
36,0.005662072636750785,on,0.015275508348728295,0,0.0030551016697456593
36,0.008493108955126177,on,0.022911964929662482,0,0.0045823929859324965
36,0.01132414527350157,on,0.030547556578948767,0,0.0061095113157897535
36,0.01415518159187696,on,0.0381822833945523,0,0.00763645667891046
36,0.016986217910252354,on,0.045816145474427146,0,0.00916322909488543
36,0.019817254228627748,on,0.05344914291651632,0,0.010689828583303265
36,0.02264829054700314,on,0.06108127581875166,0,0.012216255163750333
36,0.025479326865378526,on,0.06871254427905397,0,0.013742508855810796
36,0.02831036318375392,on,0.076342948395333,0,0.0152685896790666
36,0.031141399502129317,on,0.08397248826548731,0,0.016794497653097464
36,0.03397243582050471,on,0.09160116398740442,0,0.018320232797480886
36,0.0368034721388801,on,0.0992289756589608,0,0.01984579513179216
36,0.039634508457255496,on,0.1068559233780218,0,0.021371184675604362
36,0.04246554477563089,on,0.11448200724244166,0,0.022896401448488334
36,0.04529658109400628,on,0.12210722735006357,0,0.024421445470012716
36,0.04812761741238167,on,0.12973158379871963,0,0.025946316759743928
36,0.05095865373075705,on,0.13735507668623084,0,0.02747101533724617
36,0.05378969004913245,on,0.14497770611040722,0,0.028995541222081447
36,0.05662072636750784,on,0.15259947216904757,0,0.030519894433809515
36,0.05945176268588323,on,0.16022037495993968,0,0.032044074991987935
36,0.062282799004258635,on,0.16784041458086027,0,0.033568082916172054
36,0.06511383532263403,on,0.17545959112957496,0,0.035091918225914995
36,0.06794487164100942,on,0.18307790470383828,0,0.03661558094076766
36,0.0707759079593848,on,0.19069535540139382,0,0.038139071080278766
36,0.0736069442777602,on,0.19831194331997387,0,0.039662388663994776
36,0.0764379805961356,on,0.20592766855729994,0,0.04118553371145999
36,0.07926901691451099,on,0.21354253121108216,0,0.042708506242216435
36,0.08210005323288638,on,0.22115653137901983,0,0.04423130627580397
36,0.08493108955126177,on,0.228769669158801,0,0.045753933831760206
36,0.08776212586963716,on,0.23638194464810292,0,0.047276388929620584
36,0.09059316218801255,on,0.24399335794459145,0,0.04879867158891829
36,0.09342419850638795,on,0.2516039091459216,0,0.05032078182918433
36,0.09625523482476334,on,0.25921359834973734,0,0.05184271966994747
36,0.09908627114313873,on,0.2668224256536715,0,0.0533644851307343
36,0.1019173074615141,on,0.2744303911553456,0,0.05488607823106913
36,0.1047483437798895,on,0.28203749495237074,0,0.05640749899047415
36,0.1075793800982649,on,0.28964373714234637,0,0.05792874742846928
36,0.11041041641664029,on,0.29724911782286123,0,0.05944982356457225
36,0.11324145273501568,on,0.30485363709149277,0,0.06097072741829856
36,0.11607248905339107,on,0.3124572950458075,0,0.062491459009161504
36,0.11890352537176646,on,0.32006009178336087,0,0.06401201835667218
36,0.12173456169014187,on,0.32766202740169736,0,0.06553240548033948
36,0.12456559800851727,on,0.3352631019983503,0,0.06705262039967007
36,0.12739663432689266,on,0.34286331567084205,0,0.06857266313416842
36,0.13022767064526805,on,0.3504626685166838,0,0.07009253370333676
36,0.13305870696364344,on,0.3580611606333758,0,0.07161223212667515
36,0.13588974328201883,on,0.3656587921184071,0,0.07313175842368143
36,0.13872077960039422,on,0.3732555630692561,0,0.07465111261385123
36,0.1415518159187696,on,0.38085147358338967,0,0.07617029471667794
36,0.144382852237145,on,0.38844652375826405,0,0.07768930475165281
36,0.1472138885555204,on,0.39604071369132404,0,0.07920814273826482
36,0.15004492487389579,on,0.4036340434800038,0,0.08072680869600077
36,0.1528759611922712,on,0.4112265132217263,0,0.08224530264434526
36,0.15570699751064657,on,0.4188181230139033,0,0.08376362460278067
36,0.15853803382902198,on,0.4264088729539358,0,0.08528177459078717
36,0.16136907014739735,on,0.4339987631392135,0,0.0867997526278427
36,0.16420010646577277,on,0.4415877936671155,0,0.0883175587334231
36,0.16703114278414813,on,0.4491759646350091,0,0.08983519292700182
36,0.16986217910252355,on,0.45676327614025153,0,0.0913526552280503
36,0.1726932154208989,on,0.46434972828018833,0,0.09286994565603768
36,0.17552425173927433,on,0.4719353211521543,0,0.09438706423043086
36,0.1783552880576497,on,0.4795200548534729,0,0.09590401097069458
36,0.1811863243760251,on,0.48710392948145703,0,0.09742078589629141
36,0.1840173606944005,on,0.4946869451334082,0,0.09893738902668164
36,0.1868483970127759,on,0.5022691019066171,0,0.10045382038132343
36,0.18967943333115128,on,0.5098503998983632,0,0.10197007997967265
36,0.19251046964952667,on,0.5174308392059151,0,0.10348616784118303
36,0.19534150596790206,on,0.5250104199265305,0,0.10500208398530611
36,0.19817254228627745,on,0.5325891421574559,0,0.10651782843149118
36,0.20100357860465284,on,0.5401670059959267,0,0.10803340119918535
36,0.2038346149230282,on,0.5477440115391674,0,0.10954880230783348
36,0.20666565124140363,on,0.5553201588843919,0,0.11106403177687839
36,0.209496687559779,on,0.5628954481288021,0,0.11257908962576042
36,0.2123277238781544,on,0.5704698793695899,0,0.114093975873918
36,0.2151587601965298,on,0.5780434527039358,0,0.11560869054078715
36,0.2179897965149052,on,0.5856161682290091,0,0.11712323364580182
36,0.22082083283328058,on,0.5931880260419682,0,0.11863760520839364
36,0.22365186915165597,on,0.6007590262399608,0,0.12015180524799217
36,0.22648290547003136,on,0.608329168920123,0,0.12166583378402461
36,0.22931394178840675,on,0.6158984541795806,0,0.12317969083591612
36,0.23214497810678214,on,0.6234668821154478,0,0.12469337642308956
36,0.23497601442515753,on,0.6310344528248281,0,0.12620689056496562
36,0.23780705074353292,on,0.6386011664048143,0,0.12772023328096288
36,0.24063808706190834,on,0.6461670229524874,0,0.12923340459049748
36,0.24346912338028373,on,0.6537320225649181,0,0.13074640451298364
36,0.24630015969865912,on,0.6612961653391658,0,0.13225923306783316
36,0.24913119601703454,on,0.6688594513722792,0,0.13377189027445585
36,0.2519622323354099,on,0.6764218807612952,0,0.13528437615225905
36,0.2547932686537853,on,0.683983453603241,0,0.1367966907206482
36,0.25762430497216066,on,0.6915441699951314,0,0.13830883399902627
36,0.2604553412905361,on,0.6991040300339717,0,0.13982080600679433
36,0.26328637760891144,on,0.7066630338167547,0,0.14133260676335094
36,0.2661174139272869,on,0.7142211814404634,0,0.1428442362880927
36,0.2689484502456622,on,0.721778473002069,0,0.1443556946004138
36,0.27177948656403766,on,0.7293349085985323,0,0.14586698171970647
36,0.274610522882413,on,0.7368904883268032,0,0.14737809766536064
36,0.27744155920078845,on,0.7444452122838195,0,0.1488890424567639
36,0.28027259551916384,on,0.7519990805665098,0,0.15039981611330197
36,0.2831036318375392,on,0.7595520932717899,0,0.15191041865435798
36,0.28593466815591456,on,0.7671042504965658,0,0.15342085009931317
36,0.28876570447429,on,0.7746555523377325,0,0.1549311104675465
36,0.2915967407926654,on,0.7822059988921736,0,0.15644119977843474
36,0.2944277771110408,on,0.7897555902567611,0,0.15795111805135223
36,0.2972588134294161,on,0.7973043265283577,0,0.15946086530567155
36,0.30008984974779157,on,0.8048522078038141,0,0.16097044156076282
36,0.30292088606616696,on,0.8123992341799696,0,0.16247984683599392
36,0.3057519223845424,on,0.8199454057536538,0,0.16398908115073077
36,0.3085829587029177,on,0.8274907226216838,0,0.16549814452433675
36,0.31141399502129313,on,0.8350351848808673,0,0.16700703697617347
36,0.3142450313396685,on,0.8425787926279996,0,0.16851575852559994
36,0.31707606765804397,on,0.8501215459598662,0,0.17002430919197326
36,0.3199071039764193,on,0.8576634449732408,0,0.17153268899464816
36,0.3227381402947947,on,0.8652044897648868,0,0.1730408979529774
36,0.3255691766131701,on,0.8727446804315562,0,0.17454893608631125
36,0.32840021293154553,on,0.8802840170699903,0,0.17605680341399807
36,0.33123124924992087,on,0.8878224997769186,0,0.17756449995538373
36,0.33406228556829626,on,0.8953601286490613,0,0.1790720257298123
36,0.3368933218866717,on,0.9028969037831265,0,0.1805793807566253
36,0.3397243582050471,on,0.910432825275811,0,0.18208656505516221
36,0.3425553945234225,on,0.9179678932238018,0,0.18359357864476036
36,0.3453864308417978,on,0.9255021077237737,0,0.18510042154475476
36,0.34821746716017327,on,0.9330354688723921,0,0.18660709377447843
36,0.35104850347854866,on,0.9405679767663099,0,0.188113595353262
36,0.35387953979692405,on,0.9480996315021696,0,0.18961992630043392
36,0.3567105761152994,on,0.9556304331766032,0,0.19112608663532066
36,0.35954161243367483,on,0.9631603818862313,0,0.19263207637724628
36,0.3623726487520502,on,0.9706894777276636,0,0.19413789554553273
36,0.3652036850704256,on,0.978217720797499,0,0.1956435441594998
36,0.368034721388801,on,0.9857451111923254,0,0.1971490222384651
36,0.3708657577071764,on,0.9932716490087194,0,0.1986543298017439
36,0.3736967940255518,on,1.0007973343432477,0,0.20015946686864955
36,0.3765278303439272,on,1.0083221672924647,0,0.20166443345849294
36,0.37935886666230256,on,1.015846147952915,0,0.20316922959058303
36,0.38218990298067795,on,1.0233692764211313,0,0.20467385528422627
36,0.38502093929905334,on,1.0308915527936362,0,0.20617831055872726
36,0.38785197561742873,on,1.038412977166941,0,0.2076825954333882
36,0.3906830119358041,on,1.045933549637546,0,0.2091867099275092
36,0.39351404825417957,on,1.053453270301941,0,0.21069065406038823
36,0.3963450845725549,on,1.0609721392566038,0,0.21219442785132078
36,0.3991761208909303,on,1.0684901565980025,0,0.21369803131960052
36,0.4020071572093057,on,1.076007322422594,0,0.2152014644845188
36,0.40483819352768113,on,1.0835236368268235,0,0.21670472736536472
36,0.4076692298460564,on,1.091039099907126,0,0.21820781998142522
36,0.41050026616443186,on,1.098553711759926,0,0.2197107423519852
36,0.41333130248280725,on,1.106067472481636,0,0.2212134944963272
36,0.4161623388011827,on,1.1135803821686578,0,0.2227160764337316
36,0.418993375119558,on,1.1210924409173828,0,0.22421848818347656
36,0.4218244114379334,on,1.1286036488241915,0,0.2257207297648383
36,0.4246554477563088,on,1.1361140059854529,0,0.2272228011970906
36,0.42748648407468426,on,1.1436235124975256,0,0.22872470249950513
36,0.4303175203930596,on,1.1511321684567566,0,0.23022643369135132
36,0.433148556711435,on,1.1586399739594835,0,0.2317279947918967
36,0.4359795930298104,on,1.166146929102031,0,0.2332293858204062
36,0.4388106293481858,on,1.173653033980714,0,0.23473060679614283
36,0.44164166566656116,on,1.1811582886918368,0,0.23623165773836738
36,0.44447270198493655,on,1.1886626933316917,0,0.23773253866633837
36,0.44730373830331194,on,1.1961662479965616,0,0.23923324959931233
36,0.4501347746216874,on,1.203668952782717,0,0.2407337905565434
36,0.4529658109400627,on,1.2111708077864176,0,0.24223416155728353
36,0.45579684725843816,on,1.2186718131039138,0,0.24373436262078277
36,0.4586278835768135,on,1.2261719688314439,0,0.24523439376628878
36,0.46145891989518895,on,1.2336712750652346,0,0.2467342550130469
36,0.4642899562135643,on,1.241169731901503,0,0.2482339463803006
36,0.4671209925319397,on,1.248667339436455,0,0.249733467887291
36,0.46995202885031506,on,1.256164097766285,0,0.251232819553257
36,0.4727830651686905,on,1.2636600069871775,0,0.2527320013974355
36,0.47561410148706584,on,1.271155067195305,0,0.254231013439061
36,0.4784451378054413,on,1.2786492784868297,0,0.25572985569736595
36,0.4812761741238167,on,1.2861426409579033,0,0.25722852819158065
36,0.484107210442192,on,1.2936351547046656,0,0.25872703094093313
36,0.48693824676056746,on,1.3011268198232468,0,0.2602253639646494
36,0.48976928307894285,on,1.3086176364097646,0,0.2617235272819529
36,0.49260031939731824,on,1.3161076045603268,0,0.26322152091206535
36,0.4954313557156936,on,1.3235967243710312,0,0.26471934487420623
36,0.4982623920340691,on,1.3310849959379627,0,0.26621699918759256
36,0.5010934283524444,on,1.3385724193571964,0,0.2677144838714393
36,0.5039244646708197,on,1.3460589947247972,0,0.26921179894495945
36,0.5067555009891953,on,1.3535447221368178,0,0.27070894442736354
36,0.5095865373075706,on,1.3610296016893004,0,0.2722059203378601
36,0.512417573625946,on,1.3685136334782768,0,0.2737027266956554
36,0.5152486099443213,on,1.3759968175997679,0,0.2751993635199536
36,0.5180796462626968,on,1.3834791541497833,0,0.2766958308299567
36,0.5209106825810722,on,1.390960643224322,0,0.2781921286448644
36,0.5237417188994475,on,1.3984412849193715,0,0.2796882569838743
36,0.5265727552178229,on,1.4059210793309092,0,0.28118421586618186
36,0.5294037915361984,on,1.4134000265549018,0,0.28268000531098036
36,0.5322348278545738,on,1.4208781266873047,0,0.28417562533746094
36,0.5350658641729492,on,1.4283553798240618,0,0.2856710759648124
36,0.5378969004913244,on,1.4358317860611067,0,0.28716635721222133
36,0.5407279368096999,on,1.4433073454943628,0,0.2886614690988726
36,0.5435589731280753,on,1.4507820582197424,0,0.2901564116439485
36,0.5463900094464507,on,1.4582559243331457,0,0.29165118486662917
36,0.549221045764826,on,1.4657289439304633,0,0.29314578878609265
36,0.5520520820832016,on,1.4732011171075745,0,0.2946402234215149
36,0.5548831184015769,on,1.4806724439603476,0,0.29613448879206955
36,0.5577141547199523,on,1.488142924584641,0,0.2976285849169282
36,0.5605451910383277,on,1.4956125590763005,0,0.2991225118152601
36,0.563376227356703,on,1.5030813475311624,0,0.3006162695062325
36,0.5662072636750785,on,1.5105492900450523,0,0.30210985800901047
36,0.5662072636750785,off,0,3.021098580090097,46.686493425276225
36,0.5751818040802191,off,0,3.0056595656495517,46.68400725052258
36,0.5841563444853597,off,0,2.9902239520959313,46.68152162342044
36,0.5931308848905004,off,0,2.974791738680082,46.679036543849136
36,0.6021054252956409,off,0,2.9593629246530497,46.676552011688074
36,0.6110799657007816,off,0,2.943937509266007,46.67406802681668
36,0.6200545061059223,off,0,2.9285154917703125,46.67158458911438
36,0.6290290465110628,off,0,2.9130968714174656,46.66910169846065
36,0.6380035869162035,off,0,2.897681647459166,46.666619354735
36,0.6469781273213442,off,0,2.882269819147254,46.664137557816936
36,0.6559526677264848,off,0,2.866861385733742,46.661656307586014
36,0.6649272081316253,off,0,2.851456346470812,46.65917560392182
36,0.6739017485367661,off,0,2.836054700610788,46.656695446703935
36,0.6828762889419066,off,0,2.8206564474061793,46.65421583581201
36,0.6918508293470472,off,0,2.8052615861096655,46.65173677112569
36,0.7008253697521879,off,0,2.7898701159740824,46.64925825252466
36,0.7097999101573285,off,0,2.774482036252408,46.646780279888624
36,0.7187744505624691,off,0,2.7590973461978336,46.64430285309733
36,0.7277489909676098,off,0,2.7437160450636924,46.64182597203053
36,0.7367235313727504,off,0,2.7283381321034312,46.639349636568014
36,0.745698071777891,off,0,2.712963606570767,46.6368738465896
36,0.7546726121830316,off,0,2.697592467719474,46.63439860197513
36,0.7636471525881723,off,0,2.682224714803553,46.63192390260446
36,0.772621692993313,off,0,2.6668603470771615,46.6294497483575
36,0.7815962333984535,off,0,2.6514993637946134,46.62697613911417
36,0.7905707738035942,off,0,2.636141764210379,46.62450307475441
36,0.7995453142087349,off,0,2.6207875475791127,46.62203055515819
36,0.8085198546138754,off,0,2.605436713155612,46.61955858020551
36,0.817494395019016,off,0,2.5900892601948584,46.61708714977642
36,0.8264689354241568,off,0,2.574745187951976,46.61461626375094
36,0.8354434758292972,off,0,2.559404495682273,46.61214592200918
36,0.844418016234438,off,0,2.5440671826412,46.60967612443121
36,0.8533925566395786,off,0,2.528733248084393,46.607206870897194
36,0.8623670970447191,off,0,2.5134026912676575,46.60473816128728
36,0.8713416374498598,off,0,2.4980755114469275,46.60226999548165
36,0.8803161778550006,off,0,2.482751707878336,46.599802373360525
36,0.889290718260141,off,0,2.4674312798181575,46.597335294804125
36,0.8982652586652817,off,0,2.452114226522852,46.59486875969274
36,0.9072397990704223,off,0,2.436800547249021,46.592402767906634
36,0.916214339475563,off,0,2.421490241253437,46.58993731932614
36,0.9251888798807036,off,0,2.406183307793043,46.58747241383159
36,0.9341634202858442,off,0,2.390879746124938,46.58500805130337
36,0.9431379606909849,off,0,2.375579555506391,46.58254423162187
36,0.9521125010961254,off,0,2.3602827351948292,46.580080954667494
36,0.9610870415012661,off,0,2.3449892844478484,46.577618220320716
36,0.9700615819064067,off,0,2.3296992025232015,46.575156028462004
36,0.9790361223115475,off,0,2.314412488678826,46.57269437897185
36,0.9880106627166881,off,0,2.2991291421727595,46.57023327173079
36,0.9969852031218287,off,0,2.2838491622632944,46.56777270661938
36,1.0059597435269692,off,0,2.2685725482088372,46.5653126835182
36,1.01493428393211,off,0,2.253299299267937,46.56285320230784
36,1.0239088243372505,off,0,2.2380294146993407,46.560394262868954
36,1.0328833647423912,off,0,2.222762893761953,46.5579358650822
36,1.0418579051475318,off,0,2.2074997357148476,46.555478008828246
36,1.0508324455526725,off,0,2.1922399398172274,46.55302069398782
36,1.0598069859578132,off,0,2.176983505328508,46.550563920441654
36,1.0687815263629536,off,0,2.161730431508218,46.548107688070516
36,1.0777560667680943,off,0,2.146480717616086,46.54565199675519
36,1.086730607173235,off,0,2.1312343629119823,46.5431968463765
36,1.0957051475783757,off,0,2.115991366655976,46.540742236815284
36,1.1046796879835161,off,0,2.1007517281082357,46.538288167952416
36,1.1136542283886568,off,0,2.0855154465291577,46.535834639668785
36,1.1226287687937975,off,0,2.0702825211792515,46.53338165184532
36,1.1316033091989381,off,0,2.055052951319226,46.53092920436296
36,1.1405778496040786,off,0,2.039826736209932,46.5284772971027
36,1.1495523900092193,off,0,2.0246038751123905,46.52602592994551
36,1.15852693041436,off,0,2.009384367287794,46.52357510277244
36,1.1675014708195006,off,0,1.9941682119974757,46.52112481546454
36,1.176476011224641,off,0,1.9789554085029408,46.518675067902876
36,1.185450551629782,off,0,1.963745956065864,46.51622585996857
36,1.1944250920349226,off,0,1.948539853948077,46.513777191542744
36,1.2033996324400629,off,0,1.9333371014115954,46.511329062506555
36,1.2123741728452038,off,0,1.9181376977185352,46.50888147274119
36,1.2213487132503444,off,0,1.9029416421312675,46.50643442212786
36,1.230323253655485,off,0,1.8877489339122349,46.50398791054779
36,1.2392977940606256,off,0,1.8725595723240929,46.501541937882266
36,1.2482723344657662,off,0,1.8573735566296676,46.499096504012556
36,1.257246874870907,off,0,1.8421908860919132,46.49665160881999
36,1.2662214152760476,off,0,1.8270115599739825,46.49420725218589
36,1.2751959556811883,off,0,1.8118355775391422,46.491763433991636
36,1.2841704960863287,off,0,1.7966629380508579,46.489320154118616
36,1.2931450364914696,off,0,1.7814936407727657,46.48687741244826
36,1.30211957689661,off,0,1.7663276849686298,46.484435208861996
36,1.3110941173017505,off,0,1.751165069902413,46.481993543241316
36,1.3200686577068914,off,0,1.7360057948382064,46.479552415467694
36,1.329043198112032,off,0,1.7208498590402854,46.477111825422675
36,1.3380177385171723,off,0,1.705697261773068,46.47467177298779
36,1.3469922789223132,off,0,1.6905480023011563,46.472232258044635
36,1.3559668193274539,off,0,1.6754020798893094,46.469793280474796
36,1.3649413597325946,off,0,1.6602594938024424,46.46735484015991
36,1.373915900137735,off,0,1.6451202433056409,46.46491693698163
36,1.3828904405428757,off,0,1.6299843276641184,46.46247957082163
36,1.3918649809480164,off,0,1.6148517461433016,46.46004274156162
36,1.400839521353157,off,0,1.5997224980087452,46.457606449083336
36,1.4098140617582977,off,0,1.5845965825261885,46.45517069326853
36,1.4187886021634382,off,0,1.5694739989614988,46.45273547399899
36,1.427763142568579,off,0,1.554354746580728,46.45030079115653
36,1.4367376829737195,off,0,1.5392388246500985,46.44786664462298
36,1.44571222337886,off,0,1.5241262324359752,46.4454330342802
36,1.4546867637840009,off,0,1.5090169692048931,46.44299996001009
36,1.4636613041891415,off,0,1.493911034223558,46.44056742169456
36,1.472635844594282,off,0,1.4788084267588175,46.43813541921554
36,1.4816103849994224,off,0,1.4637091460776759,46.435703952455015
36,1.4905849254045633,off,0,1.4486131914473503,46.433273021294966
36,1.499559465809704,off,0,1.4335205621351435,46.43084262561741
36,1.5085340062148442,off,0,1.4184312574085851,46.428412765304394
36,1.5175085466199851,off,0,1.4033452765353331,46.425983440238
36,1.5264830870251258,off,0,1.3882626187832017,46.423554650300304
36,1.5354576274302665,off,0,1.3731832834201896,46.42112639537344
36,1.5444321678354072,off,0,1.358107269714452,46.418698675339556
36,1.5534067082405478,off,0,1.3430345769342864,46.41627149008083
36,1.562381248645688,off,0,1.3279652043481605,46.41384483947945
36,1.571355789050829,off,0,1.3128991512247126,46.41141872341766
36,1.5803303294559696,off,0,1.2978364168327232,46.4089931417777
36,1.58930486986111,off,0,1.2827770004411718,46.40656809444185
36,1.5982794102662508,off,0,1.2677209013191657,46.404143581292416
36,1.6072539506713914,off,0,1.2526681187359543,46.40171960221173
36,1.616228491076532,off,0,1.2376186519610002,46.399296157082134
36,1.6252030314816728,off,0,1.222572500263908,46.39687324578603
36,1.6341775718868135,off,0,1.2075296629144106,46.394450868205816
36,1.643152112291954,off,0,1.1924901391824534,46.39202902422393
36,1.6521266526970946,off,0,1.177453928338096,46.389607713722825
36,1.6611011931022353,off,0,1.1624210296515827,46.38718693658498
36,1.670075733507376,off,0,1.147391442393328,46.384766692692935
36,1.6790502739125166,off,0,1.132365165833889,46.382346981929196
36,1.688024814317657,off,0,1.1173421992439927,46.37992780417634
36,1.6969993547227977,off,0,1.1023225418945088,46.37750915931696
36,1.7059738951279386,off,0,1.0873061930564774,46.37509104723366
36,1.7149484355330789,off,0,1.0722931520011514,46.37267346780909
36,1.7239229759382195,off,0,1.0572834179998267,46.37025642092591
36,1.7328975163433604,off,0,1.0422769903240976,46.36783990646682
36,1.7418720567485009,off,0,1.0272738682456009,46.36542392431453
36,1.7508465971536413,off,0,1.0122740510362007,46.36300847435179
36,1.7598211375587822,off,0,0.9972775379679035,46.36059355646137
36,1.768795677963923,off,0,0.9822843283128861,46.35817917052606
36,1.7777702183690633,off,0,0.9672944213434675,46.35576531642868
36,1.786744758774204,off,0,0.9523078163321372,46.35335199405208
36,1.7957192991793447,off,0,0.9373245125515552,46.350939203279154
36,1.8046938395844851,off,0,0.9223445092745095,46.348526943992766
36,1.8136683799896258,off,0,0.9073678057739727,46.346115216075866
36,1.8226429203947667,off,0,0.8923944013231022,46.34370401941139
36,1.8316174607999072,off,0,0.877424295195155,46.34129335388233
36,1.8405920012050476,off,0,0.8624574866635868,46.33888321937167
36,1.8495665416101885,off,0,0.8474939750020241,46.33647361576245
36,1.8585410820153292,off,0,0.832533759484221,46.33406454293772
36,1.8675156224204694,off,0,0.8175768393841025,46.331656000780555
36,1.8764901628256103,off,0,0.8026232139757781,46.32924798917407
36,1.885464703230751,off,0,0.7876728825334851,46.32684050800139
36,1.8944392436358914,off,0,0.7727258443316316,46.324433557145674
36,1.9034137840410323,off,0,0.7577820986447819,46.3220271364901
36,1.912388324446173,off,0,0.7428416447476849,46.31962124591789
36,1.9213628648513137,off,0,0.7279044819152034,46.31721588531225
36,1.9303374052564541,off,0,0.7129706094223991,46.314811054556465
36,1.9393119456615948,off,0,0.6980400265444899,46.31240675353381
36,1.948286486066735,off,0,0.6831127325568218,46.3100029821276
36,1.957261026471876,off,0,0.6681887267349396,46.30759974022117
36,1.9662355668770166,off,0,0.6532680083545301,46.305197027697886
36,1.9752101072821573,off,0,0.6383505766914226,46.302794844441124
36,1.9841846476872982,off,0,0.6234364310216449,46.30039319033431
36,1.9931591880924384,off,0,0.6085255706213388,46.29799206526088
36,2.0021337284975793,off,0,0.593617994766845,46.295591469104295
36,2.0111082689027198,off,0,0.5787137027346461,46.29319140174806
36,2.02008280930786,off,0,0.5638126938013812,46.29079186307567
36,2.029057349713001,off,0,0.5489149672438742,46.28839285297069
36,2.0380318901181416,off,0,0.5340205223390484,46.28599437131667
36,2.0470064305232825,off,0,0.5191293583640686,46.28359641799721
36,2.0559809709284234,off,0,0.5042414745961707,46.28119899289592
36,2.0649555113335634,off,0,0.48935687031283237,46.27880209589647
36,2.0739300517387043,off,0,0.47447554479163045,46.2764057268825
36,2.0829045921438447,off,0,0.45959749731034094,46.274009885737726
36,2.091879132548985,off,0,0.44472272714686767,46.27161457234587
36,2.100853672954126,off,0,0.429851233579285,46.26921978659067
36,2.109828213359267,off,0,0.41498301588583786,46.266825528355895
36,2.1188027537644074,off,0,0.40011807334492744,46.264431797525354
36,2.1277772941695483,off,0,0.38525640523508287,46.262038593982865
36,2.136751834574689,off,0,0.3703980108350464,46.25964591761228
36,2.1457263749798288,off,0,0.35554288942365986,46.25725376829748
36,2.1547009153849697,off,0,0.3406910402799781,46.25486214592236
36,2.1636754557901106,off,0,0.32584246268316974,46.252471050370836
36,2.172649996195251,off,0,0.31099715591258814,46.25008048152688
36,2.181624536600392,off,0,0.29615511924775717,46.24769043927446
36,2.190599077005533,off,0,0.2813163519683144,46.24530092349757
36,2.1995736174106733,off,0,0.26648085335411054,46.242911934080254
36,2.2085481578158137,off,0,0.25164862268511,46.24052347090655
36,2.217522698220954,off,0,0.23681965924146198,46.238135533860564
36,2.2264972386260946,off,0,0.2219939623034719,46.23574812282638
36,2.2354717790312355,off,0,0.20717153115157316,46.23336123768813
36,2.244446319436376,off,0,0.1923523650664123,46.230974878329974
36,2.253420859841517,off,0,0.1775364633287495,46.228589044636095
36,2.2623954002466573,off,0,0.16272382521950135,46.22620373649069
36,2.2713699406517978,off,0,0.14791445001979753,46.22381895377801
36,2.2803444810569387,off,0,0.13310833701086722,46.2214346963823
36,2.2893190214620796,off,0,0.11830548547411013,46.21905096418785
36,2.2982935618672196,off,0,0.10350589469111071,46.216667757078966
36,2.3072681022723605,off,0,0.08870956394359553,46.21428507493999
36,2.3162426426775014,off,0,0.07391649251343324,46.211902917655266
36,2.325217183082642,off,0,0.05912667968266305,46.2095212851092
36,2.3341917234877823,off,0,0.04434012473349469,46.20714017718618
36,2.343166263892923,off,0,0.0295568269482942,46.20475959377067
36,2.3521408042980636,off,0,0.014776785609569743,46.20237953474711
36,2.361115344703204,off,0,0.0,46.2
36,2.361115344703204,idle (ringing omitted),0,0,35.4
36,2.6315789473684212,idle (ringing omitted),0,0,35.4
