Vin,Iout,mode,duty,Ipk,Irms_primary,Irms_secondary,frequency_Hz,ton_s,toff_s,Bpeak_T,copper_DC_W,input_cap_total_rms_A,output_cap_rms_upper_A,input_cap_effective_total_F,input_cap_ripple_bound_V,output_ESR_step_V,output_on_interval_droop_V,output_ripple_sizing_V,switch_conduction_at_assumed_Ron_0p2ohm_W,output_diode_at_assumed_0p4V_W,input_diode_at_assumed_0p6V_W,snubber_CV2f_upper_W,estimated_leakage_energy_per_second_W,diode_reverse_V,switch_plateau_V
18,0.1,boundary extrapolation; DCM/burst not represented,0.3829787234042554,0.24555903866248696,0.08773696773117381,0.22272827974570766,2271340.5569956726,1.6861351866618612e-07,2.7165511340663314e-07,0.005730225048421168,0.0050736339288016815,0.07407234523906911,0.22272827974570766,4e-06,0.010351143387291989,0.010804597701149426,0.00014370470340868135,0.010948302404558108,0.0015395551013322071,0.0490909090909091,0.028213166144200635,0.9987560074544262,0.004555498847543255,13.7,28.2
18,0.5,boundary extrapolation; DCM/burst not represented,0.3829787234042554,1.0458996091179997,0.3736944921883328,0.9486574878057916,533271.2612076799,7.181686906152369e-07,1.1570495571023258e-06,0.024406514095127188,0.09204226160274649,0.3154933223145535,0.9486574878057916,4e-06,0.18778308819881545,0.046019582801191984,0.0026069886180792997,0.048626571419271285,0.027929514698379183,0.2090909090909091,0.12016718913270635,0.2344905408806045,0.019403050646943493,13.7,28.2
18,1.0,boundary estimate,0.3829787234042554,2.046325322187391,0.7311413977597816,1.8560689978808969,272560.86683948076,1.4051126555515505e-06,2.263792611721942e-06,0.047751875403509725,0.3523356895001166,0.6172695436589091,1.8560689978808969,4e-06,0.7188294018952767,0.0900383141762452,0.009979493292269536,0.10001780746851473,0.10691354870362545,0.4090909090909091,0.23510971786833854,0.11985072089453117,0.03796249039619379,13.7,28.2
24,0.1,boundary extrapolation; DCM/burst not represented,0.3157894736842105,0.22144522144522155,0.07184631705092051,0.2115098304400343,2792939.1802997384,1.1306707854995967e-07,2.449786701915792e-07,0.005167518824353626,0.0041240554543700665,0.06276415859131128,0.2115098304400343,4e-06,0.00625954106191502,0.009743589743589747,9.636398740053383e-05,0.00983995373099028,0.0010323786547562783,0.0490909090909091,0.020979020979020983,1.806311399926494,0.004555498847543255,16.7,34.2
24,0.5,boundary extrapolation; DCM/burst not represented,0.3157894736842105,0.9431926098592767,0.3060120911428095,0.9008752037260717,655733.5466790694,4.815820012313095e-07,1.0434276693345038e-06,0.02200980240002469,0.07481568365438146,0.26732882362965904,0.9008752037260717,4e-06,0.11355614615065304,0.04150047483380817,0.0017481669867929477,0.04324864182060112,0.018728679985119026,0.2090909090909091,0.08935508935508936,0.42409050259143793,0.019403050646943493,16.7,34.2
24,1.0,boundary estimate,0.3157894736842105,1.8453768453768458,0.5987193087576708,1.7625819203336186,335152.70163596875,9.422256545829968e-07,2.0414889182631597e-06,0.043062656869613525,0.28639273988680997,0.5230346549275938,1.7625819203336186,4e-06,0.4346903515218762,0.08119658119658121,0.006691943569481511,0.08788852476606272,0.07169296213585262,0.4090909090909091,0.17482517482517482,0.21675736799117937,0.037962490396193795,16.7,34.2
36,0.1,boundary extrapolation; DCM/burst not represented,0.23376623376623376,0.19774011299435035,0.055198215871095746,0.1998687008378657,3502712.9558463967,6.6738621380908e-08,2.187543700818651e-07,0.0046143499939143426,0.003286384045491221,0.050126402917162666,0.1998687008378657,4e-06,0.0032992256332369783,0.008700564971751415,5.6879506858728405e-05,0.008757444478610142,0.0006093686070704173,0.0490909090909091,0.013867488443759634,4.133971060581281,0.004555498847543256,22.7,46.2
36,0.5,boundary extrapolation; DCM/burst not represented,0.23376623376623376,0.8422264071981586,0.23510351204355587,0.851292614679798,822376.085285676,2.842570910668303e-07,9.317315762746103e-07,0.019653712937042562,0.05961924417232011,0.21350134575828533,0.851292614679798,4e-06,0.05985220713245406,0.03705796191671897,0.0010318675969913345,0.03808982951371031,0.011054732275042884,0.2090909090909091,0.059065228556753974,0.9705845098756053,0.01940305064694349,22.7,46.2
36,1.0,boundary estimate,0.23376623376623376,1.6478342749529191,0.45998513225913107,1.6655725069822136,420325.5547015677,5.561551781742332e-07,1.822953084015542e-06,0.03845291661595285,0.22822111427022354,0.41772002430968874,1.6655725069822136,4e-06,0.22911289119701225,0.07250470809792843,0.00394996575407836,0.07645467385200679,0.042317264379890064,0.4090909090909091,0.11556240369799692,0.49607652726975376,0.03796249039619379,22.7,46.2
