Reference,Quantity,Value,Manufacturer,MPN,LCSC,Footprint,Source,Notes,Sourcing_status
J1,1,18-36 V DC,Cixi Kefa,KF301-5.0-2P,C474881,Flyback:Terminal_KF301_2P_5.00,https://jlcpcb.com/partdetail/Cixi_KefaElec-KF301_5_02P/C474881,5.00 mm pitch; manual/wave soldering before core installation,Catalog identity verified; JLCPCB stock/lead time not confirmed
F1,1,1 A / 63 V fast,Littelfuse,0466001.NR,C151134,Flyback:Fuse_1206_3216Metric,https://www.lcsc.com/product-detail/Fuses_Littelfuse_C151134.html,Input fuse; verify inrush and coordination in prototype,Catalog identity verified; JLCPCB stock/lead time not confirmed
D1,1,SS110,MDD,SS110,C2482,Flyback:D_SMA,https://jlcpcb.com/partdetail/Mdd-SS110/C2482,Input reverse-polarity protection,Catalog identity verified; JLCPCB stock/lead time not confirmed
C1,1,10u / 50 V X7R,Samsung Electro-Mechanics,CL32B106KBJNNNE,C138687,Flyback:C_1210_3225Metric,https://www.lcsc.com/product-detail/C138687.html,Input reservoir; sizing assumes 4 uF total effective capacitance at 36 V from typical bias curve with margin; verify on prototype,Catalog identity verified; JLCPCB stock/lead time not confirmed
C2,1,10u / 50 V X7R,Samsung Electro-Mechanics,CL32B106KBJNNNE,C138687,Flyback:C_1210_3225Metric,https://www.lcsc.com/product-detail/C138687.html,Input reservoir; sizing assumes 4 uF total effective capacitance at 36 V from typical bias curve with margin; verify on prototype,Catalog identity verified; JLCPCB stock/lead time not confirmed
T1,1,PLANAR 4:2 / Lm 12uH,Prepared core assembly to drawing,PS-MAG-001 A0,,Flyback:Planar_EELP32_4T_2T,https://www.tdk-electronics.tdk.com/inf/80/db/fer/elp_32_6_20.pdf,PCB windings plus prepared 0.21 mm total center gap EELP32 N87 pair. Supplier procurement and assembly acceptance required.,Custom assembly acceptance required
D2,1,PDS835L-13,Diodes Incorporated,PDS835L-13,C444972,Flyback:D_PowerDI-5,https://jlcpcb.com/partdetail/DiodesIncorporated-PDS835L13/C444972,,Catalog identity verified; JLCPCB stock/lead time not confirmed
C3,1,180u / 16 V polymer,Panasonic,16SVPF180M,C136277,Flyback:CP_Panasonic_C6,https://industrial.panasonic.com/ww/products/pt/os-con/models/16SVPF180M,"22 mOhm ESR, 3.3 A ripple at 100 kHz; C6 case 6.3 x 5.9 mm",Catalog identity verified; JLCPCB stock/lead time not confirmed
C4,1,22u / 16 V,Murata,GRM32ER71C226KE18L,C711059,Flyback:C_1210_3225Metric,https://www.lcsc.com/product-detail/multilayer-ceramic-capacitors-mlcc-smd-smt_murata-electronics-grm32er71c226ke18l_C711059.html,,Catalog identity verified; JLCPCB stock/lead time not confirmed
J2,1,5 V / 1 A isolated,Cixi Kefa,KF301-5.0-2P,C474881,Flyback:Terminal_KF301_2P_5.00,https://jlcpcb.com/partdetail/Cixi_KefaElec-KF301_5_02P/C474881,5.00 mm pitch; manual/wave soldering before core installation,Catalog identity verified; JLCPCB stock/lead time not confirmed
U1,1,LT8302ES8E#PBF,Analog Devices,LT8302ES8E#PBF,C117331,Flyback:SOIC8_EP_LT_S8E,https://www.analog.com/en/products/lt8302.html,,Catalog identity verified; JLCPCB stock/lead time not confirmed
C5,1,4.7u / 16 V X5R,Samsung Electro-Mechanics,CL10A475KO8NNNC,C19666,Flyback:C_0603_1608Metric,https://jlcpcb.com/partdetail/CL10A475KO8NNNC/C19666,INTVCC local bypass with margin for DC-bias capacitance loss,Catalog identity verified; JLCPCB stock/lead time not confirmed
R1,1,681k 1%,Yageo,RC0603FR-07681KL,,Flyback:R_0603_1608Metric,https://www.futureelectronics.com/p/5767843,,Global sourcing quote required; no verified LCSC code
R2,1,61.9k 1%,Yageo,RC0603FR-0761K9L,C137696,Flyback:R_0603_1608Metric,https://www.digikey.com/en/products/detail/yageo/RC0603FR-0761K9L/727332,,Catalog identity verified; JLCPCB stock/lead time not confirmed
R3,1,106k 0.1%,Yageo,RT0603BRD07106KL,,Flyback:R_0603_1608Metric,https://www.ti.com.cn/cn/lit/df/tidmck8a/tidmck8a.pdf,106 kOhm 0.1%; primary reflected-voltage sense; output must be trimmed on prototype,Global sourcing quote required; no verified LCSC code
R4,1,10k 0.1%,Yageo,RT0603BRD0710KL,C95204,Flyback:R_0603_1608Metric,https://jlcpcb.com/partdetail/YAGEO-RT0603BRD0710KL/C95204,,Catalog identity verified; JLCPCB stock/lead time not confirmed
R5,1,118k 1%,Yageo,RC0603FR-07118KL,C137804,Flyback:R_0603_1608Metric,https://www.yageogroup.com/component-documentation/download/specsheet/RC0603FR-07118KL,Initial temperature compensation; bench trim required,Catalog identity verified; JLCPCB stock/lead time not confirmed
R6,1,39R 0.667 W,Panasonic,ERJ-P08F39R0V,,Flyback:R_1206_3216Metric,https://www.digikey.com/en/products/detail/panasonic-industry/ERJ-P08F39R0V/9812947,Pulse-withstanding damping resistor; verify dissipation and tuning,Global sourcing quote required; no verified LCSC code
C6,1,470p / 100 V C0G,TDK,CGA4C2C0G2A471J060AA,C3851794,Flyback:C_0805_2012Metric,https://jlcpcb.com/partdetail/TDK-CGA4C2C0G2A471J060AA/C3851794,,Catalog identity verified; JLCPCB stock/lead time not confirmed
D3,1,DFLS1100-7,Diodes Incorporated,DFLS1100-7,C107674,Flyback:D_PowerDI-123,https://jlcpcb.com/partdetail/DiodesIncorporated-DFLS11007/C107674,,Catalog identity verified; JLCPCB stock/lead time not confirmed
D4,1,SMAJ13A-13-F,Diodes Incorporated,SMAJ13A-13-F,C110519,Flyback:D_SMA,https://www.diodes.com/part/view/SMAJ13A,"13 V unidirectional TVS, 21.5 V maximum specified clamp; verify SW peak below 60 V on prototype",Catalog identity verified; JLCPCB stock/lead time not confirmed
R7,1,220R 0.25 W,Yageo,RC1206FR-07220RL,C137353,Flyback:R_1206_3216Metric,https://www.yageogroup.com/component-documentation/download/specsheet/RC1206FR-07220RL,"22.7 mA nominal preload; covers minimum-energy pulses at L+15%, 1.04 A and 12.7 kHz",Catalog identity verified; JLCPCB stock/lead time not confirmed
