Comment,Designator,Footprint,LCSC Part #
KF301-5.0-2P,J1,Terminal_KF301_2P_5.00,C474881
0466001.NR,F1,Fuse_1206_3216Metric,C151134
SS110,D1,D_SMA,C2482
CL32B106KBJNNNE,C1,C_1210_3225Metric,C138687
CL32B106KBJNNNE,C2,C_1210_3225Metric,C138687
PDS835L-13,D2,D_PowerDI-5,C444972
16SVPF180M,C3,CP_Panasonic_C6,C136277
GRM32ER71C226KE18L,C4,C_1210_3225Metric,C711059
KF301-5.0-2P,J2,Terminal_KF301_2P_5.00,C474881
LT8302ES8E#PBF,U1,SOIC8_EP_LT_S8E,C117331
CL10A475KO8NNNC,C5,C_0603_1608Metric,C19666
RC0603FR-07681KL,R1,R_0603_1608Metric,
RC0603FR-0761K9L,R2,R_0603_1608Metric,C137696
RT0603BRD07106KL,R3,R_0603_1608Metric,
RT0603BRD0710KL,R4,R_0603_1608Metric,C95204
RC0603FR-07118KL,R5,R_0603_1608Metric,C137804
ERJ-P08F39R0V,R6,R_1206_3216Metric,
CGA4C2C0G2A471J060AA,C6,C_0805_2012Metric,C3851794
DFLS1100-7,D3,D_PowerDI-123,C107674
SMAJ13A-13-F,D4,D_SMA,C110519
RC1206FR-07220RL,R7,R_1206_3216Metric,C137353
