Designator,Mid X,Mid Y,Layer,Rotation
C1,10.500000,76.365000,T,180.000000
C2,29.000000,78.000000,T,90.000000
C3,26.000000,18.500000,T,180.000000
C4,31.500000,25.880000,T,0.000000
C5,11.500000,78.800000,T,180.000000
C6,25.000000,73.600000,T,180.000000
C7,35.500000,88.000000,T,0.000000
C8,16.000000,18.500000,T,180.000000
D1,13.000000,91.337500,T,90.000000
D2,26.000000,27.900000,T,90.000000
D3,25.000000,76.962500,T,270.000000
D4,34.000000,76.100000,T,270.000000
F1,15.500000,97.000000,T,180.000000
J1,25.000000,97.000000,T,180.000000
J2,25.000000,8.000000,T,0.000000
R1,15.500000,86.000000,T,0.000000
R2,18.500000,86.000000,T,0.000000
R3,21.650000,77.365000,T,180.000000
R4,21.650000,79.200000,T,0.000000
R5,19.101500,82.500000,T,90.000000
R6,29.000000,73.600000,T,180.000000
R7,34.000000,18.500000,T,270.000000
R8,23.000000,90.000000,T,0.000000
U1,16.500000,78.000000,T,270.000000
