"Comment","Designator","Footprint","LCSC Part #","Quantity"
"2.2uF/100V","C1,C2,C19","PS:C_1210_3225Metric","C86054","3"
"100nF/100V C0G","C3,C7,C8","PS:C_1206_3216Metric","C405303","3"
"100nF/50V","C4,C6,C9","PS:C_0603_1608Metric","C77055","3"
"1uF/25V","C5,C10,C12,C25","PS:C_0603_1608Metric","C86020","4"
"2.2uF/25V","C11,C26","PS:C_0805_2012Metric","C77081","2"
"22uF/25V","C13,C14,C15,C16,C21,C22","PS:C_1210_3225Metric","C21397","6"
"10nF/50V","C17,C18,C27,C29","PS:C_0603_1608Metric","C100042","4"
"2.2nF/50V","C20","PS:C_0603_1608Metric","C107043","1"
"3.3nF/50V","C23","PS:C_0603_1608Metric","C77036","1"
"56pF/50V","C24","PS:C_0603_1608Metric","C107053","1"
"1nF/50V","C28","PS:C_0603_1608Metric","C106246","1"
"SMAJ54A","D1","PS:SMA_L4.4-W2.6-LS5.0-RD","C134996","1"
"BAT54SLT1G","D2","PS:SOT-23_L2.9-W1.3-P1.90-LS2.4-BR","C19726","1"
"2A / 63V","F1","PS:F1206","C719183","1"
"XT30 48V INPUT","J1","PS:AMASS_XT30PW-M_1x02_P2.50mm_Horizontal","C431092","1"
"XT30 12V OUTPUT","J2","PS:AMASS_XT30PW-F_1x02_P2.50mm_Horizontal","C2913282","1"
"3.3uH","L1","PS:L_Bourns_SRP5030T","C189931","1"
"68uH","L2","PS:L_Bourns_SRP7050TA","C2047750","1"
"CSD18543Q3A","Q1,Q2","PS:VSONP-8_L3.1-W3.1-P0.65-LS3.5-BL","C840100","2"
"3.3kR","R1","PS:R_0603_1608Metric","C108078","1"
"1.69kR","R2","PS:R_0603_1608Metric","C185356","1"
"750R","R3","PS:R_0603_1608Metric","C114635","1"
"2.21kR","R4,R6,R9","PS:R_0603_1608Metric","C273748","3"
"1kR","R5,R7,R21,R26","PS:R_0603_1608Metric","C22548","4"
"15kR","R8","PS:R_0603_1608Metric","C114661","1"
"2.2R","R10,R11","PS:R_0603_1608Metric","C112307","2"
"0R","R12,R13","PS:R_0603_1608Metric","C100044","2"
"249kR","R14","PS:R_0603_1608Metric","C137763","1"
"10kR","R15,R23,R24,R28","PS:R_0603_1608Metric","C98220","4"
"100kR","R16","PS:R_0603_1608Metric","C14675","1"
"453kR","R17,R19","PS:R_0603_1608Metric","C273765","2"
"49.9kR","R18","PS:R_0603_1608Metric","C114624","1"
"1.5kR","R20,R25","PS:R_0603_1608Metric","C114668","2"
"38.3kR","R22","PS:R_0603_1608Metric","C137736","1"
"43.2kR","R27","PS:R_0603_1608Metric","C137720","1"
"LMG2100R044RARR","U1","PS:QFN-17_L5.5-W4.5-P0.50-TL_LMG2100R044","C22453052","1"
"UCC25600DR","U2","PS:SOIC-8_L4.9-W3.9-P1.27-LS6.0-BL","C130223","1"
"UCC24624DR","U3","PS:SOIC-8_L4.9-W3.9-P1.27-LS6.0-BL","C2862446","1"
"LM5164DDAR","U4","PS:SO-8_L4.9-W3.9-P1.27-LS6.0-BL-EP","C477928","1"
"TPS7A2450DBVR","U5","PS:SOT-23-5_L2.9-W1.6-P0.95-LS2.8-BR","C2864436","1"
"EL357N(A)(TA)-VG","U6,U8","PS:OPTO-SMD-4_L4.4-W4.1-P2.54-LS7.0-BL","C359074","2"
"TL431AIDBZR","U7,U9","PS:SOT-23-3_L2.9-W1.6-P1.90-LS2.8-BR","C23892","2"
